"","p_val","avg_log2FC","pct.1","pct.2","p_val_adj","ranges","cell_type","comparison","closestgene","distance","Regulation"
"1",1.24715046961287e-24,-1.49523861657699,0.28,0.575,2.06494444705211e-19,"chr2-77945820-77946697","Astrocytes","24hrvs1hr_PTZ","Cwc22",0,"Down"
"2",1.35649149226356e-07,-2.16925488950567,0.036,0.124,0.0224598365848555,"chr3-104058783-104059696","Astrocytes","24hrvs1hr_PTZ","Magi3",0,"Down"
"3",1.39121191476091e-07,-1.22015681147569,0.207,0.452,0.0230347130362708,"chr17-39845560-39846509","Astrocytes","24hrvs1hr_SAL","Gm26917",0,"Down"
"4",1.24715046961287e-24,-1.49523861657699,0.28,0.575,2.06494444705211e-19,"chr2-77945820-77946697","Astrocytes","24hrvs1hr_PTZ","Cwc22",0,"Down"
"5",1.35649149226356e-07,-2.16925488950567,0.036,0.124,0.0224598365848555,"chr3-104058783-104059696","Astrocytes","24hrvs1hr_PTZ","Magi3",0,"Down"
"6",1.39121191476091e-07,-1.22015681147569,0.207,0.452,0.0230347130362708,"chr17-39845560-39846509","Astrocytes","24hrvs1hr_SAL","Gm26917",0,"Down"
"7",2.3512553422922e-19,-1.31298602072173,0.28,0.548,3.89304400789346e-14,"chr2-77945820-77946697","Astrocytes","PTZvsSAL_24hr","Cwc22",0,"Down"
"8",1.51275987703375e-18,-1.19821160747712,0.444,0.699,2.5047219112011e-13,"chr2-77945820-77946697","CGE","24hrvs1hr_PTZ","Cwc22",0,"Down"
"9",1.65886658994834e-07,5.04039059093104,0.075,0.003,0.0274663517897517,"chr17-78715398-78716171","CGE","24hrvs1hr_PTZ","Strn",0,"Up"
"10",1.45250440609177e-07,-1.43533925547613,0.114,0.285,0.0240495512029833,"chrY-90807159-90808002","CGE","PTZvsSAL_1hr","Gm47283",0,"Down"
"11",5.98321704732337e-13,-1.06381281774842,0.444,0.739,9.90659196176472e-08,"chr2-77945820-77946697","CGE","PTZvsSAL_24hr","Cwc22",0,"Down"
"12",7.74385758976907e-51,-0.920317534460047,0.494,0.696,1.28217373271083e-45,"chr2-77945820-77946697","ExcitatoryNeuronsCA1","24hrvs1hr_PTZ","Cwc22",0,"Down"
"13",5.91750380062961e-28,-0.876190293755813,0.317,0.495,9.79778856781646e-23,"chr2-77933432-77934324","ExcitatoryNeuronsCA1","24hrvs1hr_PTZ","Cwc22",0,"Down"
"14",7.33292134640085e-26,-0.811991491613375,0.342,0.517,1.21413378608763e-20,"chr2-77897231-77898068","ExcitatoryNeuronsCA1","24hrvs1hr_PTZ","Cwc22",0,"Down"
"15",3.57683174488175e-20,-0.764777449902513,0.313,0.459,5.92226762495307e-15,"chr2-78021505-78022372","ExcitatoryNeuronsCA1","24hrvs1hr_PTZ","4930440I19Rik",28804,"Down"
"16",4.03251775027058e-19,-1.96804443962957,0.037,0.135,6.6767606146555e-14,"chr13-119601268-119602007","ExcitatoryNeuronsCA1","24hrvs1hr_PTZ","Tmem267",0,"Down"
"17",1.25216373647778e-18,-1.00650634965163,0.173,0.307,2.07324506339835e-13,"chr2-77913469-77914332","ExcitatoryNeuronsCA1","24hrvs1hr_PTZ","Cwc22",0,"Down"
"18",3.8768705097824e-16,-1.06824481927092,0.13,0.255,6.41905080916202e-11,"chr2-77975363-77976288","ExcitatoryNeuronsCA1","24hrvs1hr_PTZ","Cwc22",28987,"Down"
"19",4.05150094196569e-15,-0.816019884630401,0.21,0.334,6.70819165464085e-10,"chr2-77917741-77918635","ExcitatoryNeuronsCA1","24hrvs1hr_PTZ","Cwc22",0,"Down"
"20",6.16820183117561e-15,-0.705178528896864,0.27,0.391,1.02128768179324e-09,"chr2-77881108-77882033","ExcitatoryNeuronsCA1","24hrvs1hr_PTZ","Cwc22",0,"Down"
"21",1.74286683014538e-14,-1.53992655660826,0.052,0.138,2.88571689667661e-09,"chrX-169978836-169979679","ExcitatoryNeuronsCA1","24hrvs1hr_PTZ","Gm15726",0,"Down"
"22",3.17807196994975e-14,-0.723899561521686,0.257,0.373,5.26202910280489e-09,"chr2-78003922-78004922","ExcitatoryNeuronsCA1","24hrvs1hr_PTZ","4930440I19Rik",46254,"Down"
"23",1.05738810604046e-13,-0.760740662834265,0.214,0.337,1.75074920881437e-08,"chr2-77941335-77942214","ExcitatoryNeuronsCA1","24hrvs1hr_PTZ","Cwc22",0,"Down"
"24",2.9142831552202e-13,-1.26073786343467,0.076,0.165,4.82526604859275e-08,"chr2-77951125-77951993","ExcitatoryNeuronsCA1","24hrvs1hr_PTZ","Cwc22",4749,"Down"
"25",5.02465323518285e-13,-0.657614250644803,0.266,0.399,8.3194691010893e-08,"chr13-119487905-119488913","ExcitatoryNeuronsCA1","24hrvs1hr_PTZ","Tmem267",0,"Down"
"26",1.79582918217048e-09,-0.944543492873064,0.096,0.176,0.000297340825179514,"chr2-78010459-78011213","ExcitatoryNeuronsCA1","24hrvs1hr_PTZ","4930440I19Rik",39963,"Down"
"27",5.04805109671101e-09,-0.692048849347424,0.173,0.267,0.000835820964235733,"chr2-77927952-77928844","ExcitatoryNeuronsCA1","24hrvs1hr_PTZ","Cwc22",0,"Down"
"28",7.41294658534172e-09,-1.32104894232393,0.041,0.102,0.00122738380497478,"chr8-104564659-104565546","ExcitatoryNeuronsCA1","24hrvs1hr_PTZ","Gm45843",7671,"Down"
"29",7.44489573939897e-09,-0.684023381067653,0.176,0.265,0.00123267372225951,"chr2-77889368-77890235","ExcitatoryNeuronsCA1","24hrvs1hr_PTZ","Cwc22",0,"Down"
"30",1.01819802373471e-08,-0.467994583640376,0.327,0.436,0.00168586101383827,"chr7-38200572-38201429","ExcitatoryNeuronsCA1","24hrvs1hr_PTZ","1600014C10Rik",3003,"Down"
"31",1.75863289777318e-08,-1.30939093222573,0.039,0.098,0.00291182124782999,"chr5-145129980-145130884","ExcitatoryNeuronsCA1","24hrvs1hr_PTZ","Pdap1",0,"Down"
"32",1.99476580317303e-08,-1.23673381529864,0.043,0.106,0.00330279358328769,"chr13-119596150-119597084","ExcitatoryNeuronsCA1","24hrvs1hr_PTZ","Tmem267",0,"Down"
"33",2.51101048542559e-08,-1.16298860289757,0.052,0.113,0.00415755539103371,"chr11-77174258-77175226","ExcitatoryNeuronsCA1","24hrvs1hr_PTZ","Efcab5",0,"Down"
"34",3.18910469168817e-08,-1.58488717116951,0.025,0.071,0.00528029631116885,"chr7-83826406-83827420","ExcitatoryNeuronsCA1","24hrvs1hr_PTZ","Gm39043",0,"Down"
"35",3.74275848619078e-08,-1.38724101850665,0.033,0.086,0.00619699750834066,"chr16-50672998-50673973","ExcitatoryNeuronsCA1","24hrvs1hr_PTZ","4930542D17Rik",18831,"Down"
"36",3.89446997502542e-08,-0.6740230641311,0.166,0.243,0.00644819077174884,"chr2-78025644-78026476","ExcitatoryNeuronsCA1","24hrvs1hr_PTZ","4930440I19Rik",24700,"Down"
"37",3.99268599854876e-08,-0.918837648683188,0.084,0.157,0.00661080998837714,"chr11-54112628-54113553","ExcitatoryNeuronsCA1","24hrvs1hr_PTZ","P4ha2",0,"Down"
"38",8.26443011466687e-08,-1.70297658475243,0.02,0.061,0.0136836648737574,"chr12-105832354-105833147","ExcitatoryNeuronsCA1","24hrvs1hr_PTZ","Papola",0,"Down"
"39",1.24826799215445e-07,-1.20548373741776,0.044,0.096,0.0206679476264989,"chr2-31876185-31877175","ExcitatoryNeuronsCA1","24hrvs1hr_PTZ","Gm13441",9758,"Down"
"40",1.47360814400499e-07,1.37202634018337,0.076,0.029,0.0243989721227338,"chr14-10531645-10532596","ExcitatoryNeuronsCA1","24hrvs1hr_PTZ","Fhit",0,"Up"
"41",2.16858637903109e-07,-1.16232157812394,0.045,0.099,0.0359059352535314,"chr18-5944662-5945611","ExcitatoryNeuronsCA1","24hrvs1hr_PTZ","Gm34804",0,"Down"
"42",2.32335389369254e-07,-1.25119910926816,0.037,0.088,0.0384684674240354,"chr12-103992590-103993475","ExcitatoryNeuronsCA1","24hrvs1hr_PTZ","Serpina9",1267,"Down"
"43",2.84148667952089e-20,-1.71410439187991,0.07,0.21,4.70473473988313e-15,"chrX-169978836-169979679","ExcitatoryNeuronsCA1","24hrvs1hr_SAL","Gm15726",0,"Down"
"44",1.00150921999832e-14,-2.22249701470812,0.025,0.112,1.65822886082781e-09,"chr12-20920695-20921571","ExcitatoryNeuronsCA1","24hrvs1hr_SAL","Asap2",68887,"Down"
"45",1.18330757410534e-12,0.508526628688531,0.623,0.467,1.95923784967344e-07,"chr13-9011377-9012251","ExcitatoryNeuronsCA1","24hrvs1hr_SAL","Gm36264",0,"Up"
"46",5.3116202858972e-11,-1.32864886323547,0.068,0.16,8.79460905596857e-06,"chr13-119601268-119602007","ExcitatoryNeuronsCA1","24hrvs1hr_SAL","Tmem267",0,"Down"
"47",7.60520754360326e-11,1.45152084849395,0.144,0.053,1.25921702861702e-05,"chr13-96405227-96406196","ExcitatoryNeuronsCA1","24hrvs1hr_SAL","Poc5",0,"Up"
"48",8.49992428266393e-10,-0.79222206158234,0.195,0.289,0.000140735796325351,"chrY-90808457-90809298","ExcitatoryNeuronsCA1","24hrvs1hr_SAL","Gm47283",0,"Down"
"49",1.05919168506116e-09,1.73279884170277,0.101,0.029,0.000175373544870632,"chr2-93399619-93400621","ExcitatoryNeuronsCA1","24hrvs1hr_SAL","Gm13807",2925,"Up"
"50",2.901226149082e-09,-2.88082473071932,0.007,0.05,0.000480364717181953,"chr17-13481297-13482153","ExcitatoryNeuronsCA1","24hrvs1hr_SAL","2700054A10Rik",399,"Down"
"51",1.93156029956761e-08,-0.774260751732504,0.17,0.263,0.00319814233480308,"chrY-90739630-90740700","ExcitatoryNeuronsCA1","24hrvs1hr_SAL","Gm21860",11726,"Down"
"52",1.95549448306689e-08,1.32332579124455,0.124,0.049,0.00323777088044834,"chr3-146412782-146413632","ExcitatoryNeuronsCA1","24hrvs1hr_SAL","Ssx2ip",0,"Up"
"53",3.65177909756489e-08,0.260592421358861,0.856,0.773,0.00604636020521111,"chr17-39842868-39843778","ExcitatoryNeuronsCA1","24hrvs1hr_SAL","Gm26917",0,"Up"
"54",3.73060136913423e-08,0.458541479581795,0.513,0.395,0.00617686860491662,"chr9-104002035-104003070","ExcitatoryNeuronsCA1","24hrvs1hr_SAL","Nphp3",0,"Up"
"55",4.27740276529138e-08,0.425618162087204,0.538,0.41,0.0070822240805759,"chr2-77881108-77882033","ExcitatoryNeuronsCA1","24hrvs1hr_SAL","Cwc22",0,"Up"
"56",7.75917071367017e-08,1.62280745556711,0.087,0.027,0.0128470917257451,"chr12-35015774-35016694","ExcitatoryNeuronsCA1","24hrvs1hr_SAL","Prps1l1",29337,"Up"
"57",9.60005418853856e-08,1.01405970924361,0.168,0.079,0.0158950977215889,"chr3-69494231-69495034","ExcitatoryNeuronsCA1","24hrvs1hr_SAL","Ppm1l",0,"Up"
"58",1.18518095939076e-07,-1.06142487442717,0.076,0.15,0.0196233966989207,"chr6-72370847-72371781","ExcitatoryNeuronsCA1","24hrvs1hr_SAL","Vamp5",0,"Down"
"59",1.2311087932699e-07,0.617563975076211,0.343,0.217,0.0203838376228078,"chr9-40268801-40269719","ExcitatoryNeuronsCA1","24hrvs1hr_SAL","Scn3b",0,"Up"
"60",1.61625985615355e-07,0.410899107646167,0.555,0.424,0.0267608993162912,"chr4-55349433-55350337","ExcitatoryNeuronsCA1","24hrvs1hr_SAL","Rad23b",0,"Up"
"61",1.73248888013882e-07,0.484567047635736,0.459,0.327,0.0286853381351225,"chr9-109931189-109932112","ExcitatoryNeuronsCA1","24hrvs1hr_SAL","Map4",0,"Up"
"62",1.84979292010964e-07,0.98468559716809,0.17,0.083,0.0306275763161313,"chr17-6429681-6430598","ExcitatoryNeuronsCA1","24hrvs1hr_SAL","Dynlt1b",0,"Up"
"63",2.05687209205979e-07,-1.70751275447928,0.024,0.072,0.0340562482898616,"chr12-18609649-18610526","ExcitatoryNeuronsCA1","24hrvs1hr_SAL","5730507C01Rik",74394,"Down"
"64",2.24559153807013e-07,1.22311647640846,0.12,0.051,0.0371809327732886,"chr7-123285838-123286627","ExcitatoryNeuronsCA1","24hrvs1hr_SAL","Arhgap17",0,"Up"
"65",1.49883193681515e-07,-0.297967639147061,0.566,0.683,0.0248166100274295,"chr6-47650634-47651570","ExcitatoryNeuronsCA1","PTZvsSAL_1hr","Ezh2",55292,"Down"
"66",1.82637908184239e-07,-0.89876895314825,0.088,0.166,0.030239906371789,"chr2-144165056-144166057","ExcitatoryNeuronsCA1","PTZvsSAL_1hr","Gm5535",0,"Down"
"67",2.40886929805768e-07,0.715244879536213,0.203,0.132,0.0398843716287305,"chr17-30580693-30581647","ExcitatoryNeuronsCA1","PTZvsSAL_1hr","Gm50240",0,"Up"
"68",2.70072486867222e-07,-1.93967726638813,0.013,0.05,0.0447167118680666,"chr7-117972378-117973236","ExcitatoryNeuronsCA1","PTZvsSAL_1hr","Rps15a",131135,"Down"
"69",3.17893093954078e-56,-0.941649878511862,0.494,0.806,5.26345132452586e-51,"chr2-77945820-77946697","ExcitatoryNeuronsCA1","PTZvsSAL_24hr","Cwc22",0,"Down"
"70",8.25038870401492e-39,-1.03839647673118,0.317,0.624,1.36604160888986e-33,"chr2-77933432-77934324","ExcitatoryNeuronsCA1","PTZvsSAL_24hr","Cwc22",0,"Down"
"71",4.61001027931715e-35,-0.991244237586362,0.313,0.6,7.63293231977378e-30,"chr2-78021505-78022372","ExcitatoryNeuronsCA1","PTZvsSAL_24hr","4930440I19Rik",28804,"Down"
"72",3.2777296125465e-33,-1.0450855225251,0.27,0.538,5.42703525138162e-28,"chr2-77881108-77882033","ExcitatoryNeuronsCA1","PTZvsSAL_24hr","Cwc22",0,"Down"
"73",9.39719594307891e-29,-1.02886296799188,0.257,0.513,1.5559219238834e-23,"chr2-78003922-78004922","ExcitatoryNeuronsCA1","PTZvsSAL_24hr","4930440I19Rik",46254,"Down"
"74",7.17526516856147e-26,-0.832764974679735,0.342,0.605,1.18803017975423e-20,"chr2-77897231-77898068","ExcitatoryNeuronsCA1","PTZvsSAL_24hr","Cwc22",0,"Down"
"75",7.99047960535495e-21,-0.979531591959724,0.21,0.416,1.32300767969744e-15,"chr2-77917741-77918635","ExcitatoryNeuronsCA1","PTZvsSAL_24hr","Cwc22",0,"Down"
"76",8.48136630048583e-21,-0.945927364070897,0.214,0.429,1.40428526247034e-15,"chr2-77941335-77942214","ExcitatoryNeuronsCA1","PTZvsSAL_24hr","Cwc22",0,"Down"
"77",4.68306969946585e-20,-1.05854615825016,0.173,0.366,7.75389899349659e-15,"chr2-77913469-77914332","ExcitatoryNeuronsCA1","PTZvsSAL_24hr","Cwc22",0,"Down"
"78",2.2070657572576e-15,-1.08732066780958,0.13,0.286,3.65430498626412e-10,"chr2-77885405-77886229","ExcitatoryNeuronsCA1","PTZvsSAL_24hr","Cwc22",0,"Down"
"79",4.64118148668745e-15,-0.912504307614741,0.173,0.345,7.68454342295302e-10,"chr2-77927952-77928844","ExcitatoryNeuronsCA1","PTZvsSAL_24hr","Cwc22",0,"Down"
"80",7.60476548894514e-15,-1.36962941872216,0.076,0.198,1.25914383630111e-09,"chr2-77951125-77951993","ExcitatoryNeuronsCA1","PTZvsSAL_24hr","Cwc22",4749,"Down"
"81",3.77903542935883e-14,-1.1992752811946,0.096,0.233,6.2570623314523e-09,"chr2-78010459-78011213","ExcitatoryNeuronsCA1","PTZvsSAL_24hr","4930440I19Rik",39963,"Down"
"82",6.60483608923331e-14,-0.875035236688245,0.176,0.349,1.09358252580263e-08,"chr2-77889368-77890235","ExcitatoryNeuronsCA1","PTZvsSAL_24hr","Cwc22",0,"Down"
"83",3.61202631727145e-13,-1.01936182985162,0.13,0.275,5.98054033429585e-08,"chr2-77975363-77976288","ExcitatoryNeuronsCA1","PTZvsSAL_24hr","Cwc22",28987,"Down"
"84",7.03597651446426e-13,-1.03467997107883,0.119,0.256,1.16496773942939e-07,"chr2-78009583-78010377","ExcitatoryNeuronsCA1","PTZvsSAL_24hr","4930440I19Rik",40799,"Down"
"85",2.97403224120099e-11,-0.980391391526984,0.12,0.252,4.92419440272371e-06,"chr2-77919682-77920650","ExcitatoryNeuronsCA1","PTZvsSAL_24hr","Cwc22",0,"Down"
"86",3.19665526664034e-11,-1.13799466030829,0.09,0.193,5.29279802463441e-06,"chr2-77996768-77997711","ExcitatoryNeuronsCA1","PTZvsSAL_24hr","Cwc22",50392,"Down"
"87",1.48420983713975e-10,-1.10979964634517,0.083,0.188,2.45745075364739e-05,"chr2-77980362-77981176","ExcitatoryNeuronsCA1","PTZvsSAL_24hr","Cwc22",33986,"Down"
"88",5.42393524524951e-09,-1.00004851912973,0.089,0.186,0.000898057230361697,"chr2-77991040-77991759","ExcitatoryNeuronsCA1","PTZvsSAL_24hr","Cwc22",44664,"Down"
"89",6.84912272101692e-09,-1.233424515685,0.055,0.131,0.00113402979628693,"chr2-78011776-78012610","ExcitatoryNeuronsCA1","PTZvsSAL_24hr","4930440I19Rik",38566,"Down"
"90",2.6176276509078e-08,-0.434981856676651,0.402,0.555,0.00433408463043757,"chr4-55349433-55350337","ExcitatoryNeuronsCA1","PTZvsSAL_24hr","Rad23b",0,"Down"
"91",4.66700319634179e-08,-0.902843605850739,0.097,0.189,0.00772729720227899,"chr2-77994723-77995696","ExcitatoryNeuronsCA1","PTZvsSAL_24hr","Cwc22",48347,"Down"
"92",6.33859077659519e-08,-1.05956298159165,0.068,0.148,0.010494994906532,"chr2-77870879-77871821","ExcitatoryNeuronsCA1","PTZvsSAL_24hr","Gm13727",7931,"Down"
"93",9.65422084456667e-08,-0.534645702391592,0.273,0.4,0.0159847830789744,"chr17-10319188-10320289","ExcitatoryNeuronsCA1","PTZvsSAL_24hr","Qk",0,"Down"
"94",1.42223484224273e-07,-1.01068325208242,0.073,0.156,0.0235483689534656,"chr13-77396650-77397559","ExcitatoryNeuronsCA1","PTZvsSAL_24hr","2210408I21Rik",0,"Down"
"95",1.74939265254879e-07,-0.776061567213519,0.127,0.24,0.0289652189660461,"chr2-77912145-77913036","ExcitatoryNeuronsCA1","PTZvsSAL_24hr","Cwc22",0,"Down"
"96",2.51194265232321e-07,-1.41851820167967,0.033,0.087,0.0415909880773111,"chr4-142577219-142578236","ExcitatoryNeuronsCA1","PTZvsSAL_24hr","6330411D24Rik",20204,"Down"
"97",2.51455337710467e-07,-0.780274412219742,0.113,0.207,0.0416342146307351,"chr1-25698471-25699426","ExcitatoryNeuronsCA1","PTZvsSAL_24hr","Adgrb3",0,"Down"
"98",7.39920847813312e-41,-1.14707614086797,0.493,0.75,1.22510914534994e-35,"chr2-77945820-77946697","ExcitatoryNeuronsCA3","24hrvs1hr_PTZ","Cwc22",0,"Down"
"99",1.58003783755601e-33,-1.2092926067487,0.374,0.647,2.61611604877661e-28,"chr2-77897231-77898068","ExcitatoryNeuronsCA3","24hrvs1hr_PTZ","Cwc22",0,"Down"
"100",1.07530349546607e-19,-1.12675635736783,0.262,0.481,1.78041225654803e-14,"chr2-77913469-77914332","ExcitatoryNeuronsCA3","24hrvs1hr_PTZ","Cwc22",0,"Down"
"101",1.24416327148824e-18,-1.5427765660325,0.126,0.335,2.05999845350122e-13,"chr2-78010459-78011213","ExcitatoryNeuronsCA3","24hrvs1hr_PTZ","4930440I19Rik",39963,"Down"
"102",8.85879447075144e-18,-0.860000524108914,0.381,0.587,1.46677717690573e-12,"chr2-78003922-78004922","ExcitatoryNeuronsCA3","24hrvs1hr_PTZ","4930440I19Rik",46254,"Down"
"103",2.8605813884389e-17,-0.860910617786772,0.372,0.574,4.73635042227994e-12,"chr2-77933432-77934324","ExcitatoryNeuronsCA3","24hrvs1hr_PTZ","Cwc22",0,"Down"
"104",7.5412083425725e-16,-0.903332281754737,0.328,0.526,1.24862048890476e-10,"chr2-78021505-78022372","ExcitatoryNeuronsCA3","24hrvs1hr_PTZ","4930440I19Rik",28804,"Down"
"105",1.12891927341245e-12,-1.28903058142005,0.134,0.293,1.8691855085672e-07,"chr2-77991040-77991759","ExcitatoryNeuronsCA3","24hrvs1hr_PTZ","Cwc22",44664,"Down"
"106",2.28447316750247e-12,-1.14471357796748,0.174,0.34,3.78247075762887e-07,"chr2-77881108-77882033","ExcitatoryNeuronsCA3","24hrvs1hr_PTZ","Cwc22",0,"Down"
"107",3.61624851333962e-10,1.30005640185894,0.229,0.101,5.98753115099181e-05,"chr13-4608723-4609626","ExcitatoryNeuronsCA3","24hrvs1hr_PTZ","Akr1e1",0,"Up"
"108",2.31126983510332e-09,-0.999864838253599,0.167,0.311,0.000382683880407563,"chr2-77917741-77918635","ExcitatoryNeuronsCA3","24hrvs1hr_PTZ","Cwc22",0,"Down"
"109",2.89318223615951e-09,-1.25476861604698,0.099,0.225,0.000479032862387638,"chr2-78026599-78027293","ExcitatoryNeuronsCA3","24hrvs1hr_PTZ","4930440I19Rik",23883,"Down"
"110",4.33687820857712e-09,-1.39184485050646,0.084,0.195,0.000718069935628739,"chr2-77987449-77988360","ExcitatoryNeuronsCA3","24hrvs1hr_PTZ","Cwc22",41073,"Down"
"111",7.2539580344084e-09,-1.94004934490587,0.035,0.126,0.0012010595936311,"chr13-119596150-119597084","ExcitatoryNeuronsCA3","24hrvs1hr_PTZ","Tmem267",0,"Down"
"112",1.4506785365472e-08,-1.66897858896355,0.051,0.141,0.0024019319733173,"chr13-119601268-119602007","ExcitatoryNeuronsCA3","24hrvs1hr_PTZ","Tmem267",0,"Down"
"113",3.17471281439051e-08,1.7407203487209,0.117,0.04,0.00525646724817079,"chr5-48129582-48130502","ExcitatoryNeuronsCA3","24hrvs1hr_PTZ","Slit2",0,"Up"
"114",3.62889213064927e-08,-1.22361474582069,0.099,0.202,0.00600846556747992,"chr2-77951125-77951993","ExcitatoryNeuronsCA3","24hrvs1hr_PTZ","Cwc22",4749,"Down"
"115",5.61990573616225e-08,-1.00540725339299,0.132,0.268,0.00930504652453593,"chr2-78009583-78010377","ExcitatoryNeuronsCA3","24hrvs1hr_PTZ","4930440I19Rik",40799,"Down"
"116",7.45295313163632e-08,-0.932404830436171,0.161,0.286,0.0123400780886442,"chr2-78025644-78026476","ExcitatoryNeuronsCA3","24hrvs1hr_PTZ","4930440I19Rik",24700,"Down"
"117",9.17884524000556e-08,0.399938454702865,0.795,0.7,0.0151976894292344,"chr17-39845560-39846509","ExcitatoryNeuronsCA3","24hrvs1hr_PTZ","Gm26917",0,"Up"
"118",1.06698700771711e-07,-0.901474521117425,0.163,0.299,0.0176664239828745,"chr2-77889368-77890235","ExcitatoryNeuronsCA3","24hrvs1hr_PTZ","Cwc22",0,"Down"
"119",1.73349389435294e-07,-0.888465645320188,0.17,0.291,0.02870197845697,"chr2-77975363-77976288","ExcitatoryNeuronsCA3","24hrvs1hr_PTZ","Cwc22",28987,"Down"
"120",2.31534018719485e-07,-0.296018797656256,0.769,0.828,0.0383357820814413,"chr2-98666640-98667361","ExcitatoryNeuronsCA3","24hrvs1hr_PTZ","Gm10800",0,"Down"
"121",2.97119379782317e-07,2.95896118085013,0.053,0.006,0.0491949470686975,"chr12-41305004-41305853","ExcitatoryNeuronsCA3","24hrvs1hr_PTZ","Immp2l",0,"Up"
"122",1.41678229063342e-11,-1.96686952191641,0.056,0.194,2.34580894207048e-06,"chr13-119601268-119602007","ExcitatoryNeuronsCA3","24hrvs1hr_SAL","Tmem267",0,"Down"
"123",4.19941930450418e-10,-2.453917087419,0.026,0.132,6.95310452504671e-05,"chr12-20920695-20921571","ExcitatoryNeuronsCA3","24hrvs1hr_SAL","Asap2",68887,"Down"
"124",4.00448090884605e-09,0.820303751298568,0.452,0.277,0.000663033917520367,"chr2-77881108-77882033","ExcitatoryNeuronsCA3","24hrvs1hr_SAL","Cwc22",0,"Up"
"125",4.66940593571208e-09,-1.56942022388799,0.075,0.196,0.000773127548993656,"chrX-169978836-169979679","ExcitatoryNeuronsCA3","24hrvs1hr_SAL","Gm15726",0,"Down"
"126",9.16683581222815e-09,0.446173170851712,0.852,0.723,0.00151778050593805,"chr17-39845560-39846509","ExcitatoryNeuronsCA3","24hrvs1hr_SAL","Gm26917",0,"Up"
"127",1.57600083017049e-08,1.72241955901394,0.165,0.05,0.00260943185453818,"chr10-66369693-66370744","ExcitatoryNeuronsCA3","24hrvs1hr_SAL","1700023F02Rik",115469,"Up"
"128",2.30788464962339e-08,0.721284139682623,0.508,0.327,0.00382123385092094,"chr13-119689848-119690734","ExcitatoryNeuronsCA3","24hrvs1hr_SAL","Hmgcs1",0,"Up"
"129",4.05311878568272e-08,0.456343605827318,0.704,0.585,0.00671087036701845,"chr2-78003922-78004922","ExcitatoryNeuronsCA3","24hrvs1hr_SAL","4930440I19Rik",46254,"Up"
"130",9.82028094510115e-08,0.466422906727156,0.776,0.635,0.0162597337692323,"chr17-39848011-39848946","ExcitatoryNeuronsCA3","24hrvs1hr_SAL","AY036118",0,"Up"
"131",1.59834371683471e-07,0.416482939769621,0.8,0.687,0.0264642564227473,"chr17-39842868-39843778","ExcitatoryNeuronsCA3","24hrvs1hr_SAL","Gm26917",0,"Up"
"132",2.17018997570079e-07,0.742217986953331,0.428,0.265,0.0359324864846707,"chr9-59036086-59037005","ExcitatoryNeuronsCA3","24hrvs1hr_SAL","Neo1",0,"Up"
"133",2.2445178431549e-07,0.533328386480471,0.614,0.479,0.0371631552844686,"chr13-9011377-9012251","ExcitatoryNeuronsCA3","24hrvs1hr_SAL","Gm36264",0,"Up"
"134",8.85622864240542e-14,0.514672494312905,0.75,0.733,1.46635234500899e-08,"chr2-77945820-77946697","ExcitatoryNeuronsCA3","PTZvsSAL_1hr","Cwc22",0,"Up"
"135",4.64145782822108e-08,-2.43204363283924,0.014,0.076,0.0076850009699205,"chr13-90010860-90011817","ExcitatoryNeuronsCA3","PTZvsSAL_1hr","Xrcc4",0,"Down"
"136",4.94715744645605e-08,0.429780882807241,0.647,0.641,0.00819115699882068,"chr2-77897231-77898068","ExcitatoryNeuronsCA3","PTZvsSAL_1hr","Cwc22",0,"Up"
"137",6.90931605967451e-27,-1.13433910059607,0.374,0.713,1.14399618794849e-21,"chr2-77897231-77898068","ExcitatoryNeuronsCA3","PTZvsSAL_24hr","Cwc22",0,"Down"
"138",3.29796096312458e-22,-1.10281698264698,0.328,0.666,5.46053290547425e-17,"chr2-78021505-78022372","ExcitatoryNeuronsCA3","PTZvsSAL_24hr","4930440I19Rik",28804,"Down"
"139",1.69117093599434e-21,-0.910949741493829,0.493,0.793,2.80012245385391e-16,"chr2-77945820-77946697","ExcitatoryNeuronsCA3","PTZvsSAL_24hr","Cwc22",0,"Down"
"140",2.97436303570935e-21,-0.993569626570613,0.381,0.704,4.92474210911504e-16,"chr2-78003922-78004922","ExcitatoryNeuronsCA3","PTZvsSAL_24hr","4930440I19Rik",46254,"Down"
"141",2.13433961357036e-19,-0.962260538787815,0.372,0.673,3.53389012837685e-14,"chr2-77933432-77934324","ExcitatoryNeuronsCA3","PTZvsSAL_24hr","Cwc22",0,"Down"
"142",3.1495719958665e-18,-1.17379443772609,0.262,0.574,5.21484084071604e-13,"chr2-77913469-77914332","ExcitatoryNeuronsCA3","PTZvsSAL_24hr","Cwc22",0,"Down"
"143",9.46079549774021e-18,-1.45272099926229,0.174,0.452,1.56645229294734e-12,"chr2-77881108-77882033","ExcitatoryNeuronsCA3","PTZvsSAL_24hr","Cwc22",0,"Down"
"144",8.47637396234368e-13,-1.24838697212465,0.161,0.395,1.40345866606713e-07,"chr2-78025644-78026476","ExcitatoryNeuronsCA3","PTZvsSAL_24hr","4930440I19Rik",24700,"Down"
"145",8.92303742214379e-13,-1.42027276807951,0.126,0.346,1.47741407509661e-07,"chr2-78010459-78011213","ExcitatoryNeuronsCA3","PTZvsSAL_24hr","4930440I19Rik",39963,"Down"
"146",2.53144585466705e-11,-1.20087822016633,0.17,0.384,4.19139084494787e-06,"chr2-77975363-77976288","ExcitatoryNeuronsCA3","PTZvsSAL_24hr","Cwc22",28987,"Down"
"147",5.33755751068145e-10,-1.42224289523308,0.099,0.268,8.8375540971606e-05,"chr2-77951125-77951993","ExcitatoryNeuronsCA3","PTZvsSAL_24hr","Cwc22",4749,"Down"
"148",3.51936684860892e-09,-0.935855523102249,0.209,0.412,0.000582712127224724,"chr2-77927952-77928844","ExcitatoryNeuronsCA3","PTZvsSAL_24hr","Cwc22",0,"Down"
"149",2.10713709319612e-08,-1.16552891630061,0.134,0.304,0.00348885009931761,"chr2-77991040-77991759","ExcitatoryNeuronsCA3","PTZvsSAL_24hr","Cwc22",44664,"Down"
"150",3.05735911838012e-08,-1.13343702204335,0.132,0.32,0.00506216121307552,"chr2-78009583-78010377","ExcitatoryNeuronsCA3","PTZvsSAL_24hr","4930440I19Rik",40799,"Down"
"151",5.23221019174163e-08,-1.24791392962181,0.106,0.266,0.00866312738077237,"chr2-77994723-77995696","ExcitatoryNeuronsCA3","PTZvsSAL_24hr","Cwc22",48347,"Down"
"152",1.53203970722901e-07,-1.54143714853528,0.059,0.188,0.0253664410445029,"chr2-77959240-77959989","ExcitatoryNeuronsCA3","PTZvsSAL_24hr","Cwc22",12864,"Down"
"153",2.08439460822759e-07,-1.23882936766039,0.099,0.249,0.0345119468468067,"chr2-78026599-78027293","ExcitatoryNeuronsCA3","PTZvsSAL_24hr","4930440I19Rik",23883,"Down"
"154",2.20561028098572e-07,-0.871468898729765,0.196,0.358,0.0365189511053648,"chr4-19574684-19575598","ExcitatoryNeuronsCA3","PTZvsSAL_24hr","Rmdn1",0,"Down"
"155",2.9250978442865e-32,-1.17437852169594,0.432,0.737,4.84317225372049e-27,"chr2-77945820-77946697","ExcitatoryNeuronsImmatureDG","24hrvs1hr_PTZ","Cwc22",0,"Down"
"156",2.12192604757431e-15,-0.950994199831275,0.343,0.551,3.51333661475022e-10,"chr2-77897231-77898068","ExcitatoryNeuronsImmatureDG","24hrvs1hr_PTZ","Cwc22",0,"Down"
"157",1.07378206558134e-08,-1.18864951514586,0.135,0.281,0.00177789317944499,"chr2-78003922-78004922","ExcitatoryNeuronsImmatureDG","24hrvs1hr_PTZ","4930440I19Rik",46254,"Down"
"158",1.38302675095756e-08,0.782682115939114,0.737,0.573,0.00228991888236296,"chr2-77945820-77946697","ExcitatoryNeuronsImmatureDG","PTZvsSAL_1hr","Cwc22",0,"Up"
"159",2.77195483790096e-07,-11.7356475138442,0,0.082,0.0458960878375776,"chr5-111207582-111208296","ExcitatoryNeuronsImmatureDG","PTZvsSAL_1hr","Ttc28",0,"Down"
"160",3.26196981480295e-22,-0.914389715486398,0.343,0.598,5.40094128146369e-17,"chr2-77897231-77898068","ExcitatoryNeuronsImmatureDG","PTZvsSAL_24hr","Cwc22",0,"Down"
"161",2.51890314215912e-20,-0.780130729312425,0.432,0.676,4.17062349956711e-15,"chr2-77945820-77946697","ExcitatoryNeuronsImmatureDG","PTZvsSAL_24hr","Cwc22",0,"Down"
"162",9.98992002044589e-11,-1.31302657273881,0.089,0.241,1.65406102754529e-05,"chr2-78021505-78022372","ExcitatoryNeuronsImmatureDG","PTZvsSAL_24hr","4930440I19Rik",28804,"Down"
"163",1.24945141168909e-07,-0.91532785454154,0.133,0.263,0.0206875418587598,"chr2-77933432-77934324","ExcitatoryNeuronsImmatureDG","PTZvsSAL_24hr","Cwc22",0,"Down"
"164",1.71224985579284e-13,-1.92083556474261,0.037,0.121,2.83502345373187e-08,"chr9-62763364-62764200","ExcitatoryNeuronsMatureDG","24hrvs1hr_PTZ","Itga11",0,"Down"
"165",3.18405250378688e-12,-0.936181661309451,0.17,0.285,5.27193125209505e-07,"chr1-195241229-195242143","ExcitatoryNeuronsMatureDG","24hrvs1hr_PTZ","Cr2",64512,"Down"
"166",1.38267215910347e-11,-1.82277741074321,0.033,0.111,2.28933177399239e-06,"chr14-75770994-75771933","ExcitatoryNeuronsMatureDG","24hrvs1hr_PTZ","Slc25a30",0,"Down"
"167",4.22173844422386e-11,-2.25169019067798,0.019,0.084,6.99005899425478e-06,"chr3-90451470-90452369","ExcitatoryNeuronsMatureDG","24hrvs1hr_PTZ","Gm16048",0,"Down"
"168",1.40334760755846e-10,-0.528133555351412,0.444,0.532,2.32356473426276e-05,"chr2-77945820-77946697","ExcitatoryNeuronsMatureDG","24hrvs1hr_PTZ","Cwc22",0,"Down"
"169",3.31287035088447e-10,-1.72423290398742,0.034,0.105,5.48521882606994e-05,"chr1-180384194-180385117","ExcitatoryNeuronsMatureDG","24hrvs1hr_PTZ","Itpkb",0,"Down"
"170",4.70650824756738e-10,1.33009947178361,0.144,0.057,7.79270690074473e-05,"chr10-50894151-50895022","ExcitatoryNeuronsMatureDG","24hrvs1hr_PTZ","Sim1",0,"Up"
"171",5.67462103408863e-10,-1.83863135149778,0.027,0.098,9.39564028477157e-05,"chr7-79486279-79487211","ExcitatoryNeuronsMatureDG","24hrvs1hr_PTZ","Mir9-3hg",12814,"Down"
"172",6.37650167245186e-10,1.58154119883642,0.116,0.04,0.000105577651141287,"chr9-55540558-55541463","ExcitatoryNeuronsMatureDG","24hrvs1hr_PTZ","Gm17226",0,"Up"
"173",6.55170864506149e-10,-1.63997430421204,0.037,0.105,0.000108478605548877,"chr4-49522349-49523224","ExcitatoryNeuronsMatureDG","24hrvs1hr_PTZ","Zfp189",0,"Down"
"174",7.04075330677835e-10,1.39718907141375,0.13,0.048,0.000116575864726321,"chr10-55851009-55851941","ExcitatoryNeuronsMatureDG","24hrvs1hr_PTZ","Tbc1d32",162351,"Up"
"175",1.07969261363196e-09,-2.35093709663102,0.014,0.067,0.000178767945116884,"chr15-53896667-53897528","ExcitatoryNeuronsMatureDG","24hrvs1hr_PTZ","Samd12",0,"Down"
"176",1.32697220018314e-09,-1.68558877389919,0.035,0.099,0.000219710768100923,"chr3-51195150-51196109","ExcitatoryNeuronsMatureDG","24hrvs1hr_PTZ","Noct",28337,"Down"
"177",2.92808929951781e-09,1.6824204445837,0.094,0.031,0.000484812529589062,"chr1-119223599-119224474","ExcitatoryNeuronsMatureDG","24hrvs1hr_PTZ","Gm29456",80871,"Up"
"178",5.10073279918543e-09,-2.40996318511841,0.012,0.063,0.00084454363175953,"chr8-122355735-122356660","ExcitatoryNeuronsMatureDG","24hrvs1hr_PTZ","Trhr2",306,"Down"
"179",6.81533431622552e-09,-2.35712081162644,0.012,0.059,0.00112843534874041,"chr15-89137268-89138093","ExcitatoryNeuronsMatureDG","24hrvs1hr_PTZ","Mapk12",0,"Down"
"180",8.3872515741159e-09,-1.36555735638873,0.048,0.118,0.00138870240488109,"chr17-47510856-47511751","ExcitatoryNeuronsMatureDG","24hrvs1hr_PTZ","Ccnd3",0,"Down"
"181",8.82786433173839e-09,-2.40390103690778,0.011,0.057,0.00146165598099892,"chr11-103205891-103206816","ExcitatoryNeuronsMatureDG","24hrvs1hr_PTZ","1700023F06Rik",0,"Down"
"182",9.46252807811658e-09,-2.15123420201979,0.016,0.068,0.001566739161478,"chr7-122584269-122585279","ExcitatoryNeuronsMatureDG","24hrvs1hr_PTZ","Prkcb",0,"Down"
"183",1.15761943429904e-08,1.48949941578889,0.106,0.038,0.00191670522595195,"chr11-19020113-19020956","ExcitatoryNeuronsMatureDG","24hrvs1hr_PTZ","Meis1",1127,"Up"
"184",1.16164324359264e-08,-2.53990637518643,0.01,0.053,0.00192336756771365,"chr1-47192759-47193703","ExcitatoryNeuronsMatureDG","24hrvs1hr_PTZ","Gm28826",3687,"Down"
"185",1.46004225084407e-08,1.46683052083499,0.108,0.038,0.00241743575599006,"chr2-174295051-174295954","ExcitatoryNeuronsMatureDG","24hrvs1hr_PTZ","Gnas",0,"Up"
"186",1.62413715901474e-08,-1.97406182283913,0.019,0.071,0.00268913261829547,"chr13-54100813-54101737","ExcitatoryNeuronsMatureDG","24hrvs1hr_PTZ","Sfxn1",0,"Down"
"187",1.88207971974266e-08,-1.69530303258442,0.028,0.086,0.00311621585436951,"chr3-85553439-85554389","ExcitatoryNeuronsMatureDG","24hrvs1hr_PTZ","Gm37240",0,"Down"
"188",1.90312510117581e-08,-1.43076307806936,0.042,0.105,0.00315106132376983,"chr14-54610409-54611326","ExcitatoryNeuronsMatureDG","24hrvs1hr_PTZ","Psmb5",2792,"Down"
"189",2.3476342819343e-08,-1.31845994689971,0.051,0.122,0.00388704850962708,"chr6-54475964-54476893","ExcitatoryNeuronsMatureDG","24hrvs1hr_PTZ","Wipf3",0,"Down"
"190",2.55494589386941e-08,-2.14991164179018,0.015,0.06,0.00423030056485641,"chr3-100201394-100202173","ExcitatoryNeuronsMatureDG","24hrvs1hr_PTZ","Gdap2",0,"Down"
"191",2.88119088845048e-08,-1.45009339444302,0.04,0.103,0.00477047418973411,"chr16-8993282-8994208","ExcitatoryNeuronsMatureDG","24hrvs1hr_PTZ","Gm30371",23381,"Down"
"192",3.17132961441004e-08,-1.75921564216357,0.025,0.081,0.00525086558246714,"chr9-106080027-106080996","ExcitatoryNeuronsMatureDG","24hrvs1hr_PTZ","Col6a4",0,"Down"
"193",3.29031658048009e-08,-2.04300687260689,0.016,0.065,0.00544787587179831,"chr13-119596150-119597084","ExcitatoryNeuronsMatureDG","24hrvs1hr_PTZ","Tmem267",0,"Down"
"194",3.45543876554979e-08,-2.27041051314732,0.012,0.057,0.00572127362728375,"chr11-81091875-81092728","ExcitatoryNeuronsMatureDG","24hrvs1hr_PTZ","Asic2",0,"Down"
"195",3.58169406024213e-08,-2.4644763289637,0.01,0.054,0.00593031830636471,"chr8-9453533-9454390","ExcitatoryNeuronsMatureDG","24hrvs1hr_PTZ","Fam155a",0,"Down"
"196",4.22020159134149e-08,1.87318002694359,0.071,0.019,0.00698751438083184,"chr2-40456089-40457034","ExcitatoryNeuronsMatureDG","24hrvs1hr_PTZ","Lrp1b",138211,"Up"
"197",4.3130159553717e-08,-1.40068925346588,0.043,0.106,0.00714118990778759,"chr2-130657340-130658192","ExcitatoryNeuronsMatureDG","24hrvs1hr_PTZ","Ddrgk1",0,"Down"
"198",5.1595284632273e-08,2.0505870331905,0.062,0.016,0.00854278606241934,"chr7-56940634-56941594","ExcitatoryNeuronsMatureDG","24hrvs1hr_PTZ","Gabrg3",0,"Up"
"199",5.45743074101852e-08,-1.59393723290072,0.031,0.086,0.00903603180082659,"chr2-49379060-49380021","ExcitatoryNeuronsMatureDG","24hrvs1hr_PTZ","Mbd5",53654,"Down"
"200",6.52903774072541e-08,-1.77432439969049,0.023,0.076,0.0108103236584513,"chr11-79171755-79172676","ExcitatoryNeuronsMatureDG","24hrvs1hr_PTZ","Ksr1",25347,"Down"
"201",7.92095584257706e-08,-2.34182778580318,0.01,0.053,0.0131149642172301,"chr10-76730009-76730934","ExcitatoryNeuronsMatureDG","24hrvs1hr_PTZ","Gm48276",0,"Down"
"202",8.16538279746898e-08,0.804489380394078,0.231,0.136,0.0135196692592533,"chr7-19749216-19750115","ExcitatoryNeuronsMatureDG","24hrvs1hr_PTZ","Nectin2",0,"Up"
"203",8.56915085876574e-08,-2.07383394947227,0.015,0.06,0.0141882001513842,"chr5-145129980-145130884","ExcitatoryNeuronsMatureDG","24hrvs1hr_PTZ","Pdap1",0,"Down"
"204",8.83316541221274e-08,2.09167190203574,0.059,0.014,0.014625336967963,"chr13-28777471-28778334","ExcitatoryNeuronsMatureDG","24hrvs1hr_PTZ","2610307P16Rik",0,"Up"
"205",9.24679709373806e-08,-1.69851846752557,0.026,0.077,0.0153101993520149,"chr13-119601268-119602007","ExcitatoryNeuronsMatureDG","24hrvs1hr_PTZ","Tmem267",0,"Down"
"206",9.47729194193586e-08,1.09217845844376,0.148,0.066,0.0156918365870215,"chrX-106026745-106027673","ExcitatoryNeuronsMatureDG","24hrvs1hr_PTZ","Atp7a",0,"Up"
"207",9.52383471138145e-08,-1.03772252195205,0.083,0.155,0.0157688988466756,"chr13-59073380-59074351","ExcitatoryNeuronsMatureDG","24hrvs1hr_PTZ","4930415C11Rik",0,"Down"
"208",1.05836681786121e-07,-1.97940220365951,0.017,0.064,0.0175236969133734,"chr12-40262834-40263686","ExcitatoryNeuronsMatureDG","24hrvs1hr_PTZ","Ifrd1",14329,"Down"
"209",1.06868028228935e-07,-1.37663410059157,0.041,0.102,0.0176944600379494,"chr6-117218585-117219561","ExcitatoryNeuronsMatureDG","24hrvs1hr_PTZ","Cxcl12",37217,"Down"
"210",1.14200957448583e-07,1.35594473211108,0.108,0.042,0.0189085951276342,"chr2-119336186-119337027","ExcitatoryNeuronsMatureDG","24hrvs1hr_PTZ","Dll4",223,"Up"
"211",1.1569099495922e-07,1.07302418524347,0.152,0.072,0.0191553051083829,"chr2-146221608-146222498","ExcitatoryNeuronsMatureDG","24hrvs1hr_PTZ","Insm1",0,"Up"
"212",1.43525565572771e-07,-2.07983969608552,0.015,0.058,0.0237639584685803,"chr1-66552118-66553046","ExcitatoryNeuronsMatureDG","24hrvs1hr_PTZ","Unc80",0,"Down"
"213",1.45533318312254e-07,-1.10495162390103,0.069,0.138,0.0240963881129148,"chr3-95864717-95865665","ExcitatoryNeuronsMatureDG","24hrvs1hr_PTZ","Mrps21",0,"Down"
"214",1.47268028093885e-07,-1.5154100585079,0.033,0.087,0.0243836092155888,"chr15-96408495-96409461","ExcitatoryNeuronsMatureDG","24hrvs1hr_PTZ","Scaf11",2237,"Down"
"215",1.48659657612673e-07,-0.651264239074212,0.208,0.302,0.0246140254899032,"chr19-61266374-61267259","ExcitatoryNeuronsMatureDG","24hrvs1hr_PTZ","Gm21060",29642,"Down"
"216",1.55984905823878e-07,-1.05497010017735,0.076,0.151,0.025826888811977,"chr8-94178646-94179554","ExcitatoryNeuronsMatureDG","24hrvs1hr_PTZ","Mt1",0,"Down"
"217",1.6245296513534e-07,-1.6017991936768,0.028,0.082,0.0268978247963536,"chr8-25138979-25139944","ExcitatoryNeuronsMatureDG","24hrvs1hr_PTZ","Tacc1",14607,"Down"
"218",1.66174667330787e-07,-1.50193787725162,0.033,0.092,0.0275140381939604,"chr15-77784136-77785098","ExcitatoryNeuronsMatureDG","24hrvs1hr_PTZ","Myh9",0,"Down"
"219",1.83971490477671e-07,1.65134882431812,0.074,0.024,0.0304607115928595,"chr1-174250015-174250974","ExcitatoryNeuronsMatureDG","24hrvs1hr_PTZ","Olfr419",0,"Up"
"220",1.84563507528782e-07,-1.55952277593875,0.031,0.082,0.030558733632063,"chr4-44028193-44029050","ExcitatoryNeuronsMatureDG","24hrvs1hr_PTZ","Clta",0,"Down"
"221",1.90890096793005e-07,-1.42378375332068,0.036,0.096,0.0316062459963082,"chr11-66072601-66073578","ExcitatoryNeuronsMatureDG","24hrvs1hr_PTZ","Dnah9",0,"Down"
"222",1.92263517012438e-07,-1.40896953250703,0.037,0.095,0.0318336473023004,"chr15-74748968-74749923","ExcitatoryNeuronsMatureDG","24hrvs1hr_PTZ","Lynx1",0,"Down"
"223",2.08563576270163e-07,-1.43481180171961,0.037,0.092,0.0345324970137796,"chr9-43536939-43537851","ExcitatoryNeuronsMatureDG","24hrvs1hr_PTZ","Gm36855",15934,"Down"
"224",2.16869721019959e-07,2.17820176585745,0.053,0.012,0.0359077703184376,"chr10-22282755-22283688","ExcitatoryNeuronsMatureDG","24hrvs1hr_PTZ","Gm26740",0,"Up"
"225",2.45654120279508e-07,1.55750183426854,0.084,0.029,0.040673689657039,"chr16-79449530-79450483","ExcitatoryNeuronsMatureDG","24hrvs1hr_PTZ","Tmprss15",358432,"Up"
"226",2.82199525601012e-07,1.44386023616202,0.088,0.033,0.0467246220523363,"chr12-77976720-77977645","ExcitatoryNeuronsMatureDG","24hrvs1hr_PTZ","Gm6657",216596,"Up"
"227",2.95216972238544e-07,-1.34776779520528,0.042,0.102,0.0488799597444524,"chr9-48723300-48724288","ExcitatoryNeuronsMatureDG","24hrvs1hr_PTZ","Zbtb16",0,"Down"
"228",6.68990869597389e-10,-0.73869802111711,0.354,0.508,0.000110766825251849,"chr9-35304951-35305862","ExcitatoryNeuronsMatureDG","24hrvs1hr_SAL","Gm33838",0,"Down"
"229",5.66032402366414e-09,0.721844033916691,0.515,0.341,0.000937196829570143,"chr2-77897231-77898068","ExcitatoryNeuronsMatureDG","24hrvs1hr_SAL","Cwc22",0,"Up"
"230",6.12196158103829e-09,-0.46634578808506,0.646,0.698,0.00101363154485725,"chr2-98666640-98667361","ExcitatoryNeuronsMatureDG","24hrvs1hr_SAL","Gm10800",0,"Down"
"231",1.03278095091554e-07,-1.78837475980524,0.041,0.13,0.0171000640385939,"chrY-90738881-90739581","ExcitatoryNeuronsMatureDG","24hrvs1hr_SAL","Gm21860",12845,"Down"
"232",2.34485778256681e-07,0.859981672009845,0.352,0.201,0.0388245137632935,"chr11-61174765-61175652","ExcitatoryNeuronsMatureDG","24hrvs1hr_SAL","Usp22",0,"Up"
"233",4.8598183068607e-09,-0.657158821515442,0.326,0.508,0.000804654696521847,"chr9-35304951-35305862","ExcitatoryNeuronsMatureDG","PTZvsSAL_1hr","Gm33838",0,"Down"
"234",2.68296274824919e-07,1.92083186814703,0.111,0.031,0.0444226191115863,"chr14-75770994-75771933","ExcitatoryNeuronsMatureDG","PTZvsSAL_1hr","Slc25a30",0,"Up"
"235",1.95654394423682e-39,-0.985251955750042,0.444,0.767,3.23950850479124e-34,"chr2-77945820-77946697","ExcitatoryNeuronsMatureDG","PTZvsSAL_24hr","Cwc22",0,"Down"
"236",5.59610092029633e-23,-1.10122532760578,0.242,0.515,9.26563217676225e-18,"chr2-77897231-77898068","ExcitatoryNeuronsMatureDG","PTZvsSAL_24hr","Cwc22",0,"Down"
"237",5.50394513793938e-21,-1.09890932312657,0.219,0.474,9.11304708324037e-16,"chr2-77933432-77934324","ExcitatoryNeuronsMatureDG","PTZvsSAL_24hr","Cwc22",0,"Down"
"238",2.96076009596337e-20,-1.23921918156583,0.166,0.413,4.90221931368943e-15,"chr2-78021505-78022372","ExcitatoryNeuronsMatureDG","PTZvsSAL_24hr","4930440I19Rik",28804,"Down"
"239",2.75210848844699e-19,-1.10979090808666,0.194,0.441,4.55674858757633e-14,"chr2-78003922-78004922","ExcitatoryNeuronsMatureDG","PTZvsSAL_24hr","4930440I19Rik",46254,"Down"
"240",5.97142900301461e-11,-1.48905028853939,0.06,0.175,9.88707414316138e-06,"chr2-77994723-77995696","ExcitatoryNeuronsMatureDG","PTZvsSAL_24hr","Cwc22",48347,"Down"
"241",2.38109754347322e-10,-1.61930692447411,0.045,0.151,3.94245463565491e-05,"chr2-78010459-78011213","ExcitatoryNeuronsMatureDG","PTZvsSAL_24hr","4930440I19Rik",39963,"Down"
"242",5.29279443091362e-09,-1.49525729511228,0.044,0.139,0.000876343852309661,"chr2-77996768-77997711","ExcitatoryNeuronsMatureDG","PTZvsSAL_24hr","Cwc22",50392,"Down"
"243",1.14191570813979e-08,-1.22405154228101,0.074,0.18,0.00189070409543829,"chr2-78009583-78010377","ExcitatoryNeuronsMatureDG","PTZvsSAL_24hr","4930440I19Rik",40799,"Down"
"244",2.18326055659427e-08,-0.673407287805091,0.245,0.403,0.00361489000136983,"chr10-79766767-79767780","ExcitatoryNeuronsMatureDG","PTZvsSAL_24hr","Rnf126",0,"Down"
"245",2.35875210481855e-08,-1.41873125982339,0.052,0.151,0.00390545662251122,"chr2-78026599-78027293","ExcitatoryNeuronsMatureDG","PTZvsSAL_24hr","4930440I19Rik",23883,"Down"
"246",5.4616000525938e-08,-0.603981748121386,0.277,0.459,0.00904293505508113,"chr2-23155708-23156654","ExcitatoryNeuronsMatureDG","PTZvsSAL_24hr","Yme1l1",0,"Down"
"247",8.3562658582952e-08,-1.78278043003347,0.027,0.093,0.0138357200695551,"chr2-77951125-77951993","ExcitatoryNeuronsMatureDG","PTZvsSAL_24hr","Cwc22",4749,"Down"
"248",1.02182614224062e-07,-1.21135925210887,0.066,0.162,0.0169186819849206,"chr2-77917741-77918635","ExcitatoryNeuronsMatureDG","PTZvsSAL_24hr","Cwc22",0,"Down"
"249",1.31389723224507e-07,-1.06644952443805,0.089,0.187,0.0217545906434512,"chr2-78025644-78026476","ExcitatoryNeuronsMatureDG","PTZvsSAL_24hr","4930440I19Rik",24700,"Down"
"250",1.64961888297215e-07,-0.923806121458653,0.121,0.251,0.0273132347310349,"chr7-126695383-126696325","ExcitatoryNeuronsMatureDG","PTZvsSAL_24hr","Bola2",0,"Down"
"251",1.89571771560847e-07,-0.771617499467326,0.166,0.292,0.0313879669326441,"chr13-65112476-65113384","ExcitatoryNeuronsMatureDG","PTZvsSAL_24hr","Mfsd14b",0,"Down"
"252",2.79924286624481e-09,2.08898569137091,0.216,0.05,0.000463479039092753,"chr14-20019050-20020007","L23ExcitatoryNeurons","24hrvs1hr_PTZ","Gng2",41422,"Up"
"253",1.67703701390877e-08,3.3385978728762,0.108,0.01,0.00277672049503916,"chr2-83442358-83443251","L23ExcitatoryNeurons","24hrvs1hr_PTZ","Zc3h15",201183,"Up"
"254",1.80720974441987e-08,2.94366291741879,0.129,0.016,0.0029922513901283,"chr16-46092593-46093448","L23ExcitatoryNeurons","24hrvs1hr_PTZ","Cd96",0,"Up"
"255",5.09405992646319e-08,1.85034948565352,0.216,0.061,0.0084343878420429,"chr13-23298481-23299473","L23ExcitatoryNeurons","24hrvs1hr_PTZ","4930557F10Rik",0,"Up"
"256",5.27750585900692e-08,3.31433851682641,0.101,0.011,0.00873812477593353,"chr13-90722463-90723368","L23ExcitatoryNeurons","24hrvs1hr_PTZ","Atp6ap1l",160064,"Up"
"257",1.49393986135892e-07,2.11106031294471,0.173,0.039,0.024735610466478,"chr1-194851303-194852274","L23ExcitatoryNeurons","24hrvs1hr_PTZ","Plxna2",34433,"Up"
"258",1.65317718589117e-07,2.25885371022613,0.151,0.033,0.0273721506199559,"chr13-20269868-20270764","L23ExcitatoryNeurons","24hrvs1hr_PTZ","Elmo1",0,"Up"
"259",1.65334015365128e-07,2.74257158782712,0.115,0.018,0.0273748489260504,"chr13-9355003-9355958","L23ExcitatoryNeurons","24hrvs1hr_PTZ","Dip2c",0,"Up"
"260",2.00335302832187e-07,-11.838311266139,0,0.099,0.0331701170958337,"chr13-81861767-81862707","L23ExcitatoryNeurons","24hrvs1hr_PTZ","Cetn3",64611,"Down"
"261",2.0070145532131e-07,2.66406209954284,0.122,0.019,0.0332307420619152,"chr6-98046415-98047313","L23ExcitatoryNeurons","24hrvs1hr_PTZ","Mitf",25065,"Up"
"262",7.88131998270822e-10,0.849521957048565,0.621,0.408,0.000130493379349695,"chr2-78021505-78022372","L23ExcitatoryNeurons","24hrvs1hr_SAL","4930440I19Rik",28804,"Up"
"263",9.02479219337068e-10,-2.47433636665741,0.046,0.211,0.000149426191783296,"chrX-169978836-169979679","L23ExcitatoryNeurons","24hrvs1hr_SAL","Gm15726",0,"Down"
"264",4.81278509363015e-09,0.910186090160754,0.53,0.358,0.000796867266307625,"chr2-77889368-77890235","L23ExcitatoryNeurons","24hrvs1hr_SAL","Cwc22",0,"Up"
"265",4.46026539283088e-08,-1.59019090218614,0.105,0.282,0.00738499521887187,"chrY-90804600-90805534","L23ExcitatoryNeurons","24hrvs1hr_SAL","Gm47283",0,"Down"
"266",1.97143965201382e-07,-1.38081843472993,0.128,0.308,0.0326417177502884,"chrY-90739630-90740700","L23ExcitatoryNeurons","24hrvs1hr_SAL","Gm21860",11726,"Down"
"267",2.21313240223885e-12,-1.20378995691096,0.151,0.326,3.66434971235892e-07,"chrX-169993759-169994599","L23ExcitatoryNeurons","PTZvsSAL_1hr","Mid1",0,"Down"
"268",2.45546302830612e-12,-0.980096457498655,0.225,0.419,4.0655837998573e-07,"chrY-90808457-90809298","L23ExcitatoryNeurons","PTZvsSAL_1hr","Gm47283",0,"Down"
"269",1.86957440122691e-10,-2.44786734317429,0.02,0.111,3.09551042334344e-05,"chr14-22323312-22324237","L23ExcitatoryNeurons","PTZvsSAL_1hr","Lrmda",0,"Down"
"270",2.34692675919113e-10,-1.18601197112862,0.128,0.282,3.88587704299553e-05,"chrY-90804600-90805534","L23ExcitatoryNeurons","PTZvsSAL_1hr","Gm47283",0,"Down"
"271",1.48912392524291e-09,-2.65396886162277,0.015,0.085,0.000246558715674244,"chr6-136942083-136942958","L23ExcitatoryNeurons","PTZvsSAL_1hr","Pde6h",0,"Down"
"272",2.11983653604348e-09,1.58022908474215,0.199,0.079,0.000350987694782327,"chr17-30580693-30581647","L23ExcitatoryNeurons","PTZvsSAL_1hr","Gm50240",0,"Up"
"273",2.56306721337223e-09,-1.0495371478637,0.155,0.308,0.000424374727719679,"chrY-90739630-90740700","L23ExcitatoryNeurons","PTZvsSAL_1hr","Gm21860",11726,"Down"
"274",3.52503081526206e-09,1.70444444046242,0.175,0.062,0.000583649927175385,"chr14-31392702-31393700","L23ExcitatoryNeurons","PTZvsSAL_1hr","Sh3bp5",0,"Up"
"275",5.93215626222279e-09,-1.96021903495922,0.033,0.123,0.000982204908805013,"chr5-99604660-99605535","L23ExcitatoryNeurons","PTZvsSAL_1hr","Rasgef1b",0,"Down"
"276",6.33554387803534e-09,11.2614237562296,0.055,0,0.00104899500651795,"chr1-99285302-99286262","L23ExcitatoryNeurons","PTZvsSAL_1hr","Cntnap5b",486502,"Up"
"277",8.42292609865687e-09,-2.08373200509763,0.025,0.114,0.00139460914293291,"chr10-45813534-45814436","L23ExcitatoryNeurons","PTZvsSAL_1hr","D030045P18Rik",0,"Down"
"278",2.09682476831073e-08,-2.06961711016631,0.025,0.103,0.00347177567363512,"chr9-102818049-102818967","L23ExcitatoryNeurons","PTZvsSAL_1hr","Ryk",15949,"Down"
"279",2.2000610633611e-08,1.33343909188728,0.218,0.094,0.00364270710443888,"chr9-108137141-108137991","L23ExcitatoryNeurons","PTZvsSAL_1hr","4930447F24Rik",0,"Up"
"280",3.67546045403476e-08,-0.389949698256167,0.679,0.777,0.00608557013755898,"chr2-98666640-98667361","L23ExcitatoryNeurons","PTZvsSAL_1hr","Gm10800",0,"Down"
"281",4.63714468201652e-08,-2.27649891420464,0.018,0.085,0.00767785956435522,"chr2-13755505-13756445","L23ExcitatoryNeurons","PTZvsSAL_1hr","St8sia6",0,"Down"
"282",5.27404828845352e-08,-1.19968935711302,0.096,0.217,0.00873239997264114,"chrY-90810371-90811371","L23ExcitatoryNeurons","PTZvsSAL_1hr","Gm47283",0,"Down"
"283",5.39837559613372e-08,-2.47903574175695,0.015,0.079,0.00893825242578649,"chr3-121008933-121009938","L23ExcitatoryNeurons","PTZvsSAL_1hr","6530403H02Rik",122199,"Down"
"284",6.78305746318884e-08,1.8181117210579,0.134,0.038,0.0112309117335257,"chr7-125766999-125767955","L23ExcitatoryNeurons","PTZvsSAL_1hr","D430042O09Rik",0,"Up"
"285",6.85243432535184e-08,1.85074580762125,0.131,0.041,0.0113457810855148,"chr10-86480580-86481478","L23ExcitatoryNeurons","PTZvsSAL_1hr","Syn3",0,"Up"
"286",9.23539600307453e-08,1.5261308959206,0.163,0.065,0.0152913222241706,"chr4-77647262-77648197","L23ExcitatoryNeurons","PTZvsSAL_1hr","Ptprd",0,"Up"
"287",1.33975129964461e-07,2.00983591524995,0.112,0.029,0.0221826641936058,"chr14-71728272-71729183","L23ExcitatoryNeurons","PTZvsSAL_1hr","4930434J06Rik",127518,"Up"
"288",1.42501301662306e-07,-2.47261063084978,0.014,0.073,0.0235943680201329,"chr2-157704758-157705794","L23ExcitatoryNeurons","PTZvsSAL_1hr","Ctnnbl1",31606,"Down"
"289",1.44157126024161e-07,-2.35558206895047,0.015,0.076,0.0238685278271984,"chr13-38106040-38107043","L23ExcitatoryNeurons","PTZvsSAL_1hr","Dsp",44250,"Down"
"290",1.57418712982886e-07,2.65185091843327,0.087,0.015,0.0260642885647154,"chr2-168491556-168492479","L23ExcitatoryNeurons","PTZvsSAL_1hr","Nfatc2",0,"Up"
"291",1.84785016846015e-07,1.9987478118665,0.113,0.035,0.0305954095942453,"chr15-84997530-84998441","L23ExcitatoryNeurons","PTZvsSAL_1hr","5031439G07Rik",8978,"Up"
"292",1.88963687537902e-07,-1.96295963302726,0.025,0.097,0.031287284636713,"chr13-22049399-22050165","L23ExcitatoryNeurons","PTZvsSAL_1hr","Hist1h2bj",5722,"Down"
"293",2.4028785267171e-07,-1.68362366384892,0.037,0.123,0.039785180630413,"chr5-114474789-114475743","L23ExcitatoryNeurons","PTZvsSAL_1hr","Mvk",14197,"Down"
"294",2.51199032527931e-07,-1.06287053292582,0.109,0.226,0.0415917774127471,"chr14-19417264-19418168","L23ExcitatoryNeurons","PTZvsSAL_1hr","Gm21738",0,"Down"
"295",2.54491196255758e-07,2.32740329276895,0.089,0.021,0.0421368708376546,"chr1-43463975-43464928","L23ExcitatoryNeurons","PTZvsSAL_1hr","Nck2",0,"Up"
"296",2.728143029253e-07,-1.63345716309439,0.042,0.123,0.0451706825782508,"chr12-20920695-20921571","L23ExcitatoryNeurons","PTZvsSAL_1hr","Asap2",68887,"Down"
"297",2.80230272085019e-07,-1.64567217201044,0.038,0.12,0.0463985668399328,"chr5-43648037-43648960","L23ExcitatoryNeurons","PTZvsSAL_1hr","Cc2d2a",13385,"Down"
"298",2.97789630858815e-07,-2.0851327562668,0.021,0.094,0.0493059225501865,"chr10-32952193-32953098","L23ExcitatoryNeurons","PTZvsSAL_1hr","Gm47823",12507,"Down"
"299",5.53100998840127e-09,-1.09141240278023,0.345,0.621,0.000915785916809563,"chr2-78021505-78022372","L23ExcitatoryNeurons","PTZvsSAL_24hr","4930440I19Rik",28804,"Down"
"300",1.48135563376418e-08,-0.773037183428661,0.604,0.776,0.00245272496349237,"chr2-77945820-77946697","L23ExcitatoryNeurons","PTZvsSAL_24hr","Cwc22",0,"Down"
"301",2.60369493451247e-82,-1.70705384392204,0.438,0.873,4.31101581392033e-77,"chr2-77945820-77946697","L45ExcitatoryNeurons","24hrvs1hr_PTZ","Cwc22",0,"Down"
"302",4.63643276528429e-30,-1.71579953265745,0.18,0.515,7.67668082246415e-25,"chr2-77889368-77890235","L45ExcitatoryNeurons","24hrvs1hr_PTZ","Cwc22",0,"Down"
"303",1.08414851516349e-24,-1.60993340542372,0.19,0.473,1.79505722101165e-19,"chr2-78021505-78022372","L45ExcitatoryNeurons","24hrvs1hr_PTZ","4930440I19Rik",28804,"Down"
"304",1.32618296059595e-18,-1.64891520685175,0.126,0.372,2.19580091334754e-13,"chr2-77975363-77976288","L45ExcitatoryNeurons","24hrvs1hr_PTZ","Cwc22",28987,"Down"
"305",2.67302418509625e-16,-1.79190624965982,0.096,0.302,4.42580633398941e-11,"chr2-77941335-77942214","L45ExcitatoryNeurons","24hrvs1hr_PTZ","Cwc22",0,"Down"
"306",2.72935004169078e-15,-1.26757486684264,0.194,0.427,4.51906674452868e-10,"chr7-38200572-38201429","L45ExcitatoryNeurons","24hrvs1hr_PTZ","1600014C10Rik",3003,"Down"
"307",4.88193894831096e-15,-1.58226891516362,0.119,0.338,8.0831727748869e-10,"chr2-77897231-77898068","L45ExcitatoryNeurons","24hrvs1hr_PTZ","Cwc22",0,"Down"
"308",2.72803686625148e-14,-2.84634647791179,0.023,0.163,4.51689248055857e-09,"chr2-77963131-77963693","L45ExcitatoryNeurons","24hrvs1hr_PTZ","Cwc22",16755,"Down"
"309",2.29046756447391e-13,-1.42556684597963,0.131,0.326,3.79239586052638e-08,"chr2-77913469-77914332","L45ExcitatoryNeurons","24hrvs1hr_PTZ","Cwc22",0,"Down"
"310",4.08039440526823e-13,-1.46584859558348,0.117,0.312,6.75603142863477e-08,"chr2-77919682-77920650","L45ExcitatoryNeurons","24hrvs1hr_PTZ","Cwc22",0,"Down"
"311",1.02077581318814e-12,-2.07573295504624,0.049,0.201,1.69012913717001e-07,"chr2-77980362-77981176","L45ExcitatoryNeurons","24hrvs1hr_PTZ","Cwc22",33986,"Down"
"312",3.17445277483425e-12,-1.44091970509381,0.115,0.294,5.25603669287632e-07,"chr2-77927952-77928844","L45ExcitatoryNeurons","24hrvs1hr_PTZ","Cwc22",0,"Down"
"313",6.46370445335261e-12,-1.54946601335712,0.096,0.268,1.07021493745495e-06,"chr2-78025644-78026476","L45ExcitatoryNeurons","24hrvs1hr_PTZ","4930440I19Rik",24700,"Down"
"314",1.69511575024851e-11,-1.28613005233298,0.141,0.324,2.80665400115897e-06,"chr2-77881108-77882033","L45ExcitatoryNeurons","24hrvs1hr_PTZ","Cwc22",0,"Down"
"315",2.30342691225362e-11,-1.43628306120674,0.108,0.278,3.81385304142568e-06,"chr2-77885405-77886229","L45ExcitatoryNeurons","24hrvs1hr_PTZ","Cwc22",0,"Down"
"316",2.69865747477784e-11,-1.48187355485958,0.098,0.268,4.46824814071392e-06,"chr2-77912145-77913036","L45ExcitatoryNeurons","24hrvs1hr_PTZ","Cwc22",0,"Down"
"317",3.50700024081683e-11,-1.87428232742304,0.066,0.201,5.80664550872765e-06,"chr2-77933432-77934324","L45ExcitatoryNeurons","24hrvs1hr_PTZ","Cwc22",0,"Down"
"318",1.38403478833942e-09,-2.15319559818616,0.035,0.141,0.000229158792009723,"chr2-77996768-77997711","L45ExcitatoryNeurons","24hrvs1hr_PTZ","Cwc22",50392,"Down"
"319",1.43059837966441e-09,-2.78031027259956,0.014,0.103,0.000236868465516176,"chr12-20920695-20921571","L45ExcitatoryNeurons","24hrvs1hr_PTZ","Asap2",68887,"Down"
"320",1.43115481597584e-09,5.0911601116304,0.063,0.002,0.000236960596345567,"chr8-60482253-60483166","L45ExcitatoryNeurons","24hrvs1hr_PTZ","Gm10283",0,"Up"
"321",1.50101696046442e-09,1.40277191627784,0.234,0.095,0.000248527881194976,"chrX-106011420-106012327","L45ExcitatoryNeurons","24hrvs1hr_PTZ","Magt1",0,"Up"
"322",2.10513833000632e-09,-1.63720855033228,0.068,0.193,0.000348554068714136,"chr2-77991040-77991759","L45ExcitatoryNeurons","24hrvs1hr_PTZ","Cwc22",44664,"Down"
"323",2.68360747041906e-09,-2.33322852188803,0.028,0.125,0.000444332939699695,"chr2-77951125-77951993","L45ExcitatoryNeurons","24hrvs1hr_PTZ","Cwc22",4749,"Down"
"324",2.81513250086149e-09,10.7923402302941,0.052,0,0.000466109933565139,"chr14-43924806-43925866","L45ExcitatoryNeurons","24hrvs1hr_PTZ","Gm8113",0,"Up"
"325",2.91343515278715e-09,-1.56955498557849,0.075,0.207,0.000482386198552427,"chr2-78003922-78004922","L45ExcitatoryNeurons","24hrvs1hr_PTZ","4930440I19Rik",46254,"Down"
"326",4.03913508738118e-09,-1.65010870463788,0.059,0.191,0.000668771713822964,"chr2-77987449-77988360","L45ExcitatoryNeurons","24hrvs1hr_PTZ","Cwc22",41073,"Down"
"327",5.78795255686903e-09,-1.60761737317574,0.061,0.191,0.000958328668698475,"chr2-77962405-77963096","L45ExcitatoryNeurons","24hrvs1hr_PTZ","Cwc22",16029,"Down"
"328",7.69068869879918e-09,-4.75791417931371,0.002,0.066,0.00127337039992628,"chr12-18609649-18610526","L45ExcitatoryNeurons","24hrvs1hr_PTZ","5730507C01Rik",74394,"Down"
"329",8.94698618913845e-09,-1.26806010727259,0.11,0.258,0.00148137934429422,"chr2-77917741-77918635","L45ExcitatoryNeurons","24hrvs1hr_PTZ","Cwc22",0,"Down"
"330",2.31403666038539e-08,-1.55634967006556,0.066,0.185,0.0038314199196999,"chr2-77994723-77995696","L45ExcitatoryNeurons","24hrvs1hr_PTZ","Cwc22",48347,"Down"
"331",3.32510361801994e-08,-1.96085668709646,0.035,0.135,0.00550547381346416,"chr13-119601268-119602007","L45ExcitatoryNeurons","24hrvs1hr_PTZ","Tmem267",0,"Down"
"332",2.28757211368984e-07,2.8824462996522,0.075,0.01,0.0378760177579968,"chr6-140162862-140163801","L45ExcitatoryNeurons","24hrvs1hr_PTZ","Capza3",120083,"Up"
"333",2.51668364440568e-07,-1.7996524617388,0.037,0.129,0.0416694861055182,"chr9-22164543-22165473","L45ExcitatoryNeurons","24hrvs1hr_PTZ","Pigyl",6184,"Down"
"334",2.71237760656114e-07,-3.67866542494806,0.005,0.062,0.0449096497451148,"chr13-93597606-93598596","L45ExcitatoryNeurons","24hrvs1hr_PTZ","Bhmt",18078,"Down"
"335",2.76456523998792e-07,-3.88207262031264,0.005,0.06,0.045773736048052,"chr4-96697677-96698551","L45ExcitatoryNeurons","24hrvs1hr_PTZ","Gm12695",25095,"Down"
"336",8.40810143110557e-29,-2.84202176484798,0.038,0.264,1.39215457825244e-23,"chrX-169978836-169979679","L45ExcitatoryNeurons","24hrvs1hr_SAL","Gm15726",0,"Down"
"337",4.74075022947396e-27,-1.52118913207739,0.184,0.463,7.84940237744691e-22,"chrY-90808457-90809298","L45ExcitatoryNeurons","24hrvs1hr_SAL","Gm47283",0,"Down"
"338",9.33060981576376e-16,-2.03373133585215,0.055,0.212,1.54489705902545e-10,"chr13-119601268-119602007","L45ExcitatoryNeurons","24hrvs1hr_SAL","Tmem267",0,"Down"
"339",1.04800827739565e-15,-4.78464306922977,0.005,0.095,1.7352187451323e-10,"chr9-22164543-22165473","L45ExcitatoryNeurons","24hrvs1hr_SAL","Pigyl",6184,"Down"
"340",3.9108122649936e-15,-2.61778705069219,0.027,0.149,6.47524919151786e-10,"chrY-90800041-90800978","L45ExcitatoryNeurons","24hrvs1hr_SAL","Gm47283",0,"Down"
"341",6.93597446381026e-15,-1.40508624899996,0.131,0.31,1.14841009989646e-09,"chrY-90739630-90740700","L45ExcitatoryNeurons","24hrvs1hr_SAL","Gm21860",11726,"Down"
"342",2.45899726358132e-14,-1.29714517994308,0.145,0.329,4.0714355392295e-09,"chrY-90804600-90805534","L45ExcitatoryNeurons","24hrvs1hr_SAL","Gm47283",0,"Down"
"343",7.26145641007011e-13,-2.44482879684623,0.024,0.143,1.20230112218454e-07,"chr12-20920695-20921571","L45ExcitatoryNeurons","24hrvs1hr_SAL","Asap2",68887,"Down"
"344",7.3772215710992e-12,-1.41908667172997,0.105,0.238,1.22146870719161e-06,"chrY-90742164-90743195","L45ExcitatoryNeurons","24hrvs1hr_SAL","Gm21860",9231,"Down"
"345",5.34898565175672e-11,-0.438203888647199,0.721,0.803,8.85647601318316e-06,"chr2-98666640-98667361","L45ExcitatoryNeurons","24hrvs1hr_SAL","Gm10800",0,"Down"
"346",5.98331526815121e-11,-1.03992969923964,0.175,0.34,9.90675458893599e-06,"chrY-90807159-90808002","L45ExcitatoryNeurons","24hrvs1hr_SAL","Gm47283",0,"Down"
"347",8.70615718130315e-10,-0.946667996580467,0.194,0.348,0.000144150456297991,"chrX-169993759-169994599","L45ExcitatoryNeurons","24hrvs1hr_SAL","Mid1",0,"Down"
"348",1.36398234791666e-09,3.25457344959736,0.082,0.009,0.000225838649291605,"chr18-59361916-59362886","L45ExcitatoryNeurons","24hrvs1hr_SAL","Chsy3",0,"Up"
"349",8.13053625516538e-09,0.430764277557754,0.741,0.654,0.0013461972793765,"chr2-77945820-77946697","L45ExcitatoryNeurons","24hrvs1hr_SAL","Cwc22",0,"Up"
"350",9.06062341263702e-09,3.48853600870518,0.07,0.006,0.00150019460030055,"chr8-44520815-44521703","L45ExcitatoryNeurons","24hrvs1hr_SAL","Gm9908",413008,"Up"
"351",9.73684806072335e-09,1.01557720496218,0.299,0.16,0.00161215914395815,"chr2-77881108-77882033","L45ExcitatoryNeurons","24hrvs1hr_SAL","Cwc22",0,"Up"
"352",1.39862493868321e-08,1.78419361390711,0.139,0.039,0.00231574526972594,"chr13-81870959-81871920","L45ExcitatoryNeurons","24hrvs1hr_SAL","Cetn3",73803,"Up"
"353",2.08671589298863e-08,-1.37293410606712,0.075,0.18,0.00345503810549806,"chrX-169980345-169981311","L45ExcitatoryNeurons","24hrvs1hr_SAL","Gm15726",0,"Down"
"354",2.187028504534e-08,-2.73119807394105,0.012,0.076,0.00362112870581208,"chrY-90798884-90799863","L45ExcitatoryNeurons","24hrvs1hr_SAL","Gm47283",0,"Down"
"355",2.52382539040659e-08,2.1991344818768,0.104,0.022,0.00417877341365791,"chr2-81136115-81136949","L45ExcitatoryNeurons","24hrvs1hr_SAL","Nup35",477208,"Up"
"356",3.26171887357053e-08,-3.76392187946362,0.005,0.054,0.00540052579053693,"chr12-18609649-18610526","L45ExcitatoryNeurons","24hrvs1hr_SAL","5730507C01Rik",74394,"Down"
"357",4.65438604874012e-08,1.60086519263869,0.151,0.052,0.00770640661248047,"chr15-28109688-28110604","L45ExcitatoryNeurons","24hrvs1hr_SAL","Gm31458",0,"Up"
"358",5.16461731295682e-08,-2.5069576196256,0.015,0.078,0.00855121182358199,"chrX-169985272-169986217","L45ExcitatoryNeurons","24hrvs1hr_SAL","Gm15247",0,"Down"
"359",1.13728918504586e-07,1.53712772369807,0.149,0.052,0.0188304382235598,"chr8-60867412-60868404","L45ExcitatoryNeurons","24hrvs1hr_SAL","Hpf1",22013,"Up"
"360",1.37500179058227e-07,1.82017681828076,0.119,0.032,0.0227663171472078,"chr9-29455608-29456619","L45ExcitatoryNeurons","24hrvs1hr_SAL","Ntm",0,"Up"
"361",2.03794339703958e-07,-1.21131552520404,0.087,0.188,0.0337428402078034,"chrY-90738881-90739581","L45ExcitatoryNeurons","24hrvs1hr_SAL","Gm21860",12845,"Down"
"362",2.57242566505774e-07,3.65259169440702,0.055,0.004,0.0425924234640605,"chrX-14884346-14885244","L45ExcitatoryNeurons","24hrvs1hr_SAL","Gm14505",44365,"Up"
"363",2.8430126256306e-07,1.10113568464987,0.223,0.117,0.0470726129463536,"chr2-77885405-77886229","L45ExcitatoryNeurons","24hrvs1hr_SAL","Cwc22",0,"Up"
"364",3.37050267757207e-53,1.08161318941377,0.873,0.654,5.5806423983364e-48,"chr2-77945820-77946697","L45ExcitatoryNeurons","PTZvsSAL_1hr","Cwc22",0,"Up"
"365",1.52321585117228e-21,1.24879459858274,0.515,0.277,2.52203418126148e-16,"chr2-77889368-77890235","L45ExcitatoryNeurons","PTZvsSAL_1hr","Cwc22",0,"Up"
"366",3.99587550384397e-15,1.06290316279424,0.473,0.288,6.61609094797958e-10,"chr2-78021505-78022372","L45ExcitatoryNeurons","PTZvsSAL_1hr","4930440I19Rik",28804,"Up"
"367",2.95869333293136e-13,-1.30892644416128,0.145,0.348,4.89879731213443e-08,"chrX-169993759-169994599","L45ExcitatoryNeurons","PTZvsSAL_1hr","Mid1",0,"Down"
"368",5.4717966129874e-13,1.48867121714846,0.278,0.117,9.05981780602162e-08,"chr2-77885405-77886229","L45ExcitatoryNeurons","PTZvsSAL_1hr","Cwc22",0,"Up"
"369",2.60833023997313e-12,1.13582164084727,0.372,0.193,4.31869062823072e-07,"chr2-77975363-77976288","L45ExcitatoryNeurons","PTZvsSAL_1hr","Cwc22",28987,"Up"
"370",2.81400894374243e-12,1.36730647591875,0.312,0.134,4.65923902842265e-07,"chr2-77919682-77920650","L45ExcitatoryNeurons","PTZvsSAL_1hr","Cwc22",0,"Up"
"371",2.93896535872968e-12,-1.2779924067815,0.143,0.329,4.8661331134095e-07,"chrY-90804600-90805534","L45ExcitatoryNeurons","PTZvsSAL_1hr","Gm47283",0,"Down"
"372",3.12797281524275e-12,1.28640609962078,0.324,0.16,5.17907842938188e-07,"chr2-77881108-77882033","L45ExcitatoryNeurons","PTZvsSAL_1hr","Cwc22",0,"Up"
"373",7.82863020922047e-12,-1.46186969738701,0.097,0.264,1.29620978963126e-06,"chrX-169978836-169979679","L45ExcitatoryNeurons","PTZvsSAL_1hr","Gm15726",0,"Down"
"374",8.19986105195402e-12,-0.920771864710701,0.258,0.463,1.35767559395518e-06,"chrY-90808457-90809298","L45ExcitatoryNeurons","PTZvsSAL_1hr","Gm47283",0,"Down"
"375",1.21861956324002e-11,-1.33541938863766,0.127,0.31,2.01770496944339e-06,"chrY-90739630-90740700","L45ExcitatoryNeurons","PTZvsSAL_1hr","Gm21860",11726,"Down"
"376",1.46281725932152e-10,1.14818434114412,0.326,0.171,2.42203042077641e-05,"chr2-77913469-77914332","L45ExcitatoryNeurons","PTZvsSAL_1hr","Cwc22",0,"Up"
"377",5.9781171261685e-10,-1.75133621677891,0.054,0.171,9.89814786931098e-05,"chr1-26687149-26687714","L45ExcitatoryNeurons","PTZvsSAL_1hr","4931408C20Rik",0,"Down"
"378",2.42682270821702e-09,-1.04654907835609,0.159,0.34,0.000401816316267617,"chrY-90807159-90808002","L45ExcitatoryNeurons","PTZvsSAL_1hr","Gm47283",0,"Down"
"379",3.00803495736501e-09,-1.33340965665937,0.099,0.245,0.000498049371995797,"chrY-90810371-90811371","L45ExcitatoryNeurons","PTZvsSAL_1hr","Gm47283",0,"Down"
"380",5.24002856920413e-09,1.06091083729856,0.302,0.177,0.000867607250288836,"chr2-77941335-77942214","L45ExcitatoryNeurons","PTZvsSAL_1hr","Cwc22",0,"Up"
"381",5.63101723206947e-09,1.07777778085092,0.294,0.165,0.000932344416165438,"chr2-77927952-77928844","L45ExcitatoryNeurons","PTZvsSAL_1hr","Cwc22",0,"Up"
"382",6.31356910822297e-09,1.45327585362589,0.201,0.084,0.0010453565779558,"chr2-77980362-77981176","L45ExcitatoryNeurons","PTZvsSAL_1hr","Cwc22",33986,"Up"
"383",1.05920035007727e-08,0.987349200317235,0.338,0.21,0.00175374979563343,"chr2-77897231-77898068","L45ExcitatoryNeurons","PTZvsSAL_1hr","Cwc22",0,"Up"
"384",1.1221472285692e-08,-0.393721539673566,0.75,0.859,0.00185797283075889,"chr17-39845560-39846509","L45ExcitatoryNeurons","PTZvsSAL_1hr","Gm26917",0,"Down"
"385",3.97052180111389e-08,-1.18857623375003,0.107,0.238,0.0065741120617583,"chrY-90742164-90743195","L45ExcitatoryNeurons","PTZvsSAL_1hr","Gm21860",9231,"Down"
"386",4.25270805495923e-08,1.39659460668642,0.191,0.082,0.00704133630783764,"chr2-77987449-77988360","L45ExcitatoryNeurons","PTZvsSAL_1hr","Cwc22",41073,"Up"
"387",9.34120522557825e-08,1.05959788462018,0.268,0.147,0.0154665137281467,"chr2-78025644-78026476","L45ExcitatoryNeurons","PTZvsSAL_1hr","4930440I19Rik",24700,"Up"
"388",9.81470426090817e-08,-3.70925526824235,0.004,0.061,0.0162505002859135,"chr2-179510265-179511193","L45ExcitatoryNeurons","PTZvsSAL_1hr","Cdh4",0,"Down"
"389",9.93606541393839e-08,-4.70645118169467,0.002,0.052,0.0164514415878202,"chr13-93468191-93469075","L45ExcitatoryNeurons","PTZvsSAL_1hr","Jmy",0,"Down"
"390",1.31185125831124e-07,1.05395582372185,0.268,0.149,0.0217207148392367,"chr2-77912145-77913036","L45ExcitatoryNeurons","PTZvsSAL_1hr","Cwc22",0,"Up"
"391",2.07426506395155e-07,1.46355029371301,0.163,0.067,0.034344228943365,"chr2-77963131-77963693","L45ExcitatoryNeurons","PTZvsSAL_1hr","Cwc22",16755,"Up"
"392",5.3289394329578e-30,-1.05620493206603,0.438,0.741,8.82328488733121e-25,"chr2-77945820-77946697","L45ExcitatoryNeurons","PTZvsSAL_24hr","Cwc22",0,"Down"
"393",1.11784870576083e-13,-1.15572369342848,0.19,0.415,1.85085563758938e-08,"chr2-78021505-78022372","L45ExcitatoryNeurons","PTZvsSAL_24hr","4930440I19Rik",28804,"Down"
"394",6.93488643318529e-13,-1.38634765778495,0.119,0.337,1.14822995140179e-07,"chr2-77897231-77898068","L45ExcitatoryNeurons","PTZvsSAL_24hr","Cwc22",0,"Down"
"395",2.24981372979349e-12,-1.31544989509787,0.126,0.311,3.72508408683097e-07,"chr2-77975363-77976288","L45ExcitatoryNeurons","PTZvsSAL_24hr","Cwc22",28987,"Down"
"396",1.42718276058367e-10,-1.39566833547605,0.096,0.262,2.3630293121812e-05,"chr2-77941335-77942214","L45ExcitatoryNeurons","PTZvsSAL_24hr","Cwc22",0,"Down"
"397",1.29665536834732e-08,-1.11633059220866,0.131,0.284,0.00214691119303372,"chr2-77913469-77914332","L45ExcitatoryNeurons","PTZvsSAL_24hr","Cwc22",0,"Down"
"398",1.81642666725966e-08,-2.19781511238149,0.023,0.117,0.00300751212578184,"chr2-77963131-77963693","L45ExcitatoryNeurons","PTZvsSAL_24hr","Cwc22",16755,"Down"
"399",8.40425951482049e-08,-1.52014387240243,0.066,0.177,0.0139151846064737,"chr2-77933432-77934324","L45ExcitatoryNeurons","PTZvsSAL_24hr","Cwc22",0,"Down"
"400",1.0387012113978e-07,-1.01530115767438,0.141,0.299,0.0171980875674769,"chr2-77881108-77882033","L45ExcitatoryNeurons","PTZvsSAL_24hr","Cwc22",0,"Down"
"401",1.62731427265061e-07,-2.14205721862464,0.021,0.101,0.0269439306065579,"chr13-18012910-18013857","L45ExcitatoryNeurons","PTZvsSAL_24hr","Gm48799",4565,"Down"
"402",3.86342376107392e-12,-0.819313233538543,0.476,0.632,6.39678662392291e-07,"chr2-77945820-77946697","L56ExcitatoryNeurons","24hrvs1hr_PTZ","Cwc22",0,"Down"
"403",6.25368203332326e-09,-0.966714925897194,0.253,0.428,0.00103544089530343,"chr7-38200572-38201429","L56ExcitatoryNeurons","24hrvs1hr_PTZ","1600014C10Rik",3003,"Down"
"404",1.21418331711984e-08,1.41908386138054,0.242,0.091,0.00201035974365484,"chrX-106011420-106012327","L56ExcitatoryNeurons","24hrvs1hr_PTZ","Magt1",0,"Up"
"405",2.70521863918638e-08,-3.20076881971717,0.015,0.104,0.00447911165746006,"chr13-119601268-119602007","L56ExcitatoryNeurons","24hrvs1hr_PTZ","Tmem267",0,"Down"
"406",5.14456102826045e-08,-2.4164866078402,0.026,0.131,0.00851800403132167,"chr3-117265609-117266475","L56ExcitatoryNeurons","24hrvs1hr_PTZ","Gm42891",9788,"Down"
"407",6.72162875353776e-08,3.61719841654514,0.071,0.006,0.0111292023760951,"chr18-71607207-71607951","L56ExcitatoryNeurons","24hrvs1hr_PTZ","Dcc",0,"Up"
"408",1.63818966102177e-07,-2.52349862178633,0.019,0.118,0.0271239976744357,"chr5-135702481-135703467","L56ExcitatoryNeurons","24hrvs1hr_PTZ","Por",0,"Down"
"409",2.09139115611738e-07,-3.24735257814072,0.011,0.091,0.0346277907891823,"chr12-100437645-100438502","L56ExcitatoryNeurons","24hrvs1hr_PTZ","Ttc7b",0,"Down"
"410",2.10322207656102e-07,-2.4640722277569,0.026,0.118,0.0348236788882438,"chrX-169978836-169979679","L56ExcitatoryNeurons","24hrvs1hr_PTZ","Gm15726",0,"Down"
"411",2.36850659110373e-07,-3.33000782313185,0.011,0.086,0.0392160741808819,"chr5-144922985-144923995","L56ExcitatoryNeurons","24hrvs1hr_PTZ","Smurf1",0,"Down"
"412",2.44949339654448e-17,-2.25922258022939,0.073,0.276,4.05569970146059e-12,"chrY-90744086-90745075","L56ExcitatoryNeurons","24hrvs1hr_SAL","Gm21860",7351,"Down"
"413",2.63755757681445e-16,1.13120311790364,0.566,0.306,4.36708320665899e-11,"chr2-77897231-77898068","L56ExcitatoryNeurons","24hrvs1hr_SAL","Cwc22",0,"Up"
"414",2.77024257476862e-15,-2.32782388796735,0.053,0.24,4.58677373832165e-10,"chrX-169978836-169979679","L56ExcitatoryNeurons","24hrvs1hr_SAL","Gm15726",0,"Down"
"415",8.6958992003086e-11,-1.24533871429905,0.182,0.339,1.4398061182927e-05,"chrY-90808457-90809298","L56ExcitatoryNeurons","24hrvs1hr_SAL","Gm47283",0,"Down"
"416",1.47467149105951e-10,-1.36041573091495,0.141,0.303,2.44165782789197e-05,"chrY-90804600-90805534","L56ExcitatoryNeurons","24hrvs1hr_SAL","Gm47283",0,"Down"
"417",3.46351669837497e-09,2.38637302104267,0.146,0.027,0.000573464850300039,"chr4-46792346-46793256","L56ExcitatoryNeurons","24hrvs1hr_SAL","Gabbr2",0,"Up"
"418",3.67958548561234e-09,-2.19337481161752,0.034,0.153,0.000609240007609292,"chrY-90812335-90813231","L56ExcitatoryNeurons","24hrvs1hr_SAL","Gm47283",0,"Down"
"419",8.60030211288089e-09,-1.23353113494651,0.141,0.292,0.00142397782173603,"chrY-90739630-90740700","L56ExcitatoryNeurons","24hrvs1hr_SAL","Gm21860",11726,"Down"
"420",3.57027061355039e-08,-3.56956202892942,0.007,0.082,0.00591140416297378,"chr12-18609649-18610526","L56ExcitatoryNeurons","24hrvs1hr_SAL","5730507C01Rik",74394,"Down"
"421",4.5854240383708e-08,10.9861026963733,0.056,0,0.00759222414305169,"chr3-108757864-108758674","L56ExcitatoryNeurons","24hrvs1hr_SAL","Aknad1",0,"Up"
"422",6.0704075090106e-08,-3.77852267448703,0.005,0.077,0.0100509558248941,"chrY-90798884-90799863","L56ExcitatoryNeurons","24hrvs1hr_SAL","Gm47283",0,"Down"
"423",6.33831103631108e-08,2.66707276141382,0.109,0.016,0.0104945317321514,"chr14-76310016-76310935","L56ExcitatoryNeurons","24hrvs1hr_SAL","2900040C04Rik",57688,"Up"
"424",9.44603082950788e-08,2.4160242290526,0.117,0.022,0.0156400766253411,"chr15-45017842-45018781","L56ExcitatoryNeurons","24hrvs1hr_SAL","Kcnv1",87502,"Up"
"425",1.3995040711205e-07,-2.05732020197971,0.036,0.131,0.0231720087567634,"chrY-90803226-90804043","L56ExcitatoryNeurons","24hrvs1hr_SAL","Gm47283",0,"Down"
"426",2.26864979012316e-07,-1.46587046324132,0.08,0.197,0.0375627151700062,"chrY-90738881-90739581","L56ExcitatoryNeurons","24hrvs1hr_SAL","Gm21860",12845,"Down"
"427",2.5563346724465e-07,-1.83393654414896,0.044,0.148,0.0423260000720984,"chrX-170003988-170004876","L56ExcitatoryNeurons","24hrvs1hr_SAL","Mid1",0,"Down"
"428",2.72222578144509e-07,-4.10796865398749,0.005,0.063,0.0450727089311209,"chrY-90731979-90732825","L56ExcitatoryNeurons","24hrvs1hr_SAL","Gm21860",19601,"Down"
"429",2.92735586031725e-07,-2.09426237994876,0.032,0.123,0.0484691091860308,"chr12-20920695-20921571","L56ExcitatoryNeurons","24hrvs1hr_SAL","Asap2",68887,"Down"
"430",3.68379040516838e-13,-1.43648278812198,0.119,0.303,6.09936228754944e-08,"chrY-90804600-90805534","L56ExcitatoryNeurons","PTZvsSAL_1hr","Gm47283",0,"Down"
"431",2.05392980739503e-11,-2.33446548039907,0.028,0.148,3.40075319999817e-06,"chrX-170003988-170004876","L56ExcitatoryNeurons","PTZvsSAL_1hr","Mid1",0,"Down"
"432",2.10042483901063e-11,-1.31910125769597,0.132,0.303,3.47773641869507e-06,"chrX-169993759-169994599","L56ExcitatoryNeurons","PTZvsSAL_1hr","Mid1",0,"Down"
"433",6.24292804522329e-10,-1.46987206068373,0.085,0.224,0.000103366032523176,"chr8-33516813-33517704","L56ExcitatoryNeurons","PTZvsSAL_1hr","Tex15",0,"Down"
"434",3.25982205218785e-08,-0.897367243951232,0.203,0.339,0.00539738516646899,"chrY-90808457-90809298","L56ExcitatoryNeurons","PTZvsSAL_1hr","Gm47283",0,"Down"
"435",4.05660961881997e-08,-1.06896310783056,0.143,0.292,0.00671665024416879,"chrY-90739630-90740700","L56ExcitatoryNeurons","PTZvsSAL_1hr","Gm21860",11726,"Down"
"436",8.4342669842296e-08,-1.29650053241285,0.09,0.21,0.0139648688737985,"chrY-90810371-90811371","L56ExcitatoryNeurons","PTZvsSAL_1hr","Gm47283",0,"Down"
"437",1.16427604649911e-07,1.78420160497176,0.14,0.046,0.0192772677846996,"chr11-94997803-94998687","L56ExcitatoryNeurons","PTZvsSAL_1hr","Ppp1r9b",0,"Up"
"438",1.52292558766191e-07,2.25979181424124,0.104,0.022,0.0252155358325945,"chr16-31233277-31234220","L56ExcitatoryNeurons","PTZvsSAL_1hr","Gm41442",0,"Up"
"439",1.92669212364405e-14,-1.23430521400364,0.264,0.566,3.19008194988116e-09,"chr2-77897231-77898068","L56ExcitatoryNeurons","PTZvsSAL_24hr","Cwc22",0,"Down"
"440",2.59271128741354e-14,-1.30427850520256,0.212,0.505,4.29282985990922e-09,"chr2-78021505-78022372","L56ExcitatoryNeurons","PTZvsSAL_24hr","4930440I19Rik",28804,"Down"
"441",8.38135637506721e-14,-0.859072048936219,0.476,0.726,1.387726319089e-08,"chr2-77945820-77946697","L56ExcitatoryNeurons","PTZvsSAL_24hr","Cwc22",0,"Down"
"442",1.31839726310151e-10,-1.5325187410854,0.112,0.34,2.18290990043506e-05,"chr2-77919682-77920650","L56ExcitatoryNeurons","PTZvsSAL_24hr","Cwc22",0,"Down"
"443",1.67410827816417e-07,-1.27668520227233,0.141,0.306,0.0277187129940477,"chr2-77927952-77928844","L56ExcitatoryNeurons","PTZvsSAL_24hr","Cwc22",0,"Down"
"444",4.13681759922399e-21,-1.12635034756941,0.475,0.718,6.84945300356313e-16,"chr2-77945820-77946697","MGE","24hrvs1hr_PTZ","Cwc22",0,"Down"
"445",2.1251054878573e-09,-1.70883274244266,0.08,0.241,0.000351860090940997,"chrX-169978836-169979679","MGE","24hrvs1hr_SAL","Gm15726",0,"Down"
"446",6.01964672428752e-09,-2.9041462237188,0.017,0.131,0.000996690967080458,"chr12-20920695-20921571","MGE","24hrvs1hr_SAL","Asap2",68887,"Down"
"447",6.98542926624929e-08,-1.2031243827896,0.153,0.305,0.0115659847990069,"chrY-90808457-90809298","MGE","24hrvs1hr_SAL","Gm47283",0,"Down"
"448",1.6514464272332e-07,0.989479853660567,0.373,0.194,0.0273434939296283,"chr7-13278202-13279111","MGE","24hrvs1hr_SAL","Lig1",0,"Up"
"449",2.13422616216306e-11,-1.72068871301803,0.062,0.2,3.53370228347825e-06,"chrY-90810371-90811371","MGE","PTZvsSAL_1hr","Gm47283",0,"Down"
"450",2.05965852577613e-08,0.417300158734806,0.718,0.688,0.00341023841088331,"chr2-77945820-77946697","MGE","PTZvsSAL_1hr","Cwc22",0,"Up"
"451",1.35206249903421e-07,-1.08529008442381,0.118,0.239,0.0223865044152591,"chrX-169993759-169994599","MGE","PTZvsSAL_1hr","Mid1",0,"Down"
"452",5.7468729457889e-15,-0.960728827947769,0.475,0.756,9.51526994253105e-10,"chr2-77945820-77946697","MGE","PTZvsSAL_24hr","Cwc22",0,"Down"
"453",6.44451178346619e-34,-1.60316068537663,0.298,0.681,1.06703714952385e-28,"chr2-77945820-77946697","OPCs","24hrvs1hr_PTZ","Cwc22",0,"Down"
"454",1.37208702142654e-19,-1.2614695554075,0.298,0.622,2.27180564398657e-14,"chr2-77945820-77946697","OPCs","PTZvsSAL_24hr","Cwc22",0,"Down"
