"","venn_group","closestgene","comparison","X","p_val","avg_log2FC","pct.1","pct.2","p_val_adj","ranges","cell_type","distance","Regulation"
"1","DG","Gm33838","PTZvsSAL_1hr",233,4.8598183068607e-09,-0.657158821515442,0.326,0.508,0.000804654696521847,"chr9-35304951-35305862","ExcitatoryNeuronsMatureDG",0,"Down"
"2","DG","Slc25a30","PTZvsSAL_1hr",234,2.68296274824919e-07,1.92083186814703,0.111,0.031,0.0444226191115863,"chr14-75770994-75771933","ExcitatoryNeuronsMatureDG",0,"Up"
"3","CA3","Cwc22","PTZvsSAL_1hr",134,8.85622864240542e-14,0.514672494312905,0.75,0.733,1.46635234500899e-08,"chr2-77945820-77946697","ExcitatoryNeuronsCA3",0,"Up"
"4","CA3","Cwc22","PTZvsSAL_1hr",136,4.94715744645605e-08,0.429780882807241,0.647,0.641,0.00819115699882068,"chr2-77897231-77898068","ExcitatoryNeuronsCA3",0,"Up"
"5","CA3","Cwc22","PTZvsSAL_1hr",158,1.38302675095756e-08,0.782682115939114,0.737,0.573,0.00228991888236296,"chr2-77945820-77946697","ExcitatoryNeuronsImmatureDG",0,"Up"
"6","CA3","Xrcc4","PTZvsSAL_1hr",135,4.64145782822108e-08,-2.43204363283924,0.014,0.076,0.0076850009699205,"chr13-90010860-90011817","ExcitatoryNeuronsCA3",0,"Down"
"7","CA1","Ezh2","PTZvsSAL_1hr",65,1.49883193681515e-07,-0.297967639147061,0.566,0.683,0.0248166100274295,"chr6-47650634-47651570","ExcitatoryNeuronsCA1",55292,"Down"
"8","CA1","Gm5535","PTZvsSAL_1hr",66,1.82637908184239e-07,-0.89876895314825,0.088,0.166,0.030239906371789,"chr2-144165056-144166057","ExcitatoryNeuronsCA1",0,"Down"
"9","CA1","Gm50240","PTZvsSAL_1hr",67,2.40886929805768e-07,0.715244879536213,0.203,0.132,0.0398843716287305,"chr17-30580693-30581647","ExcitatoryNeuronsCA1",0,"Up"
"10","CA1","Rps15a","PTZvsSAL_1hr",68,2.70072486867222e-07,-1.93967726638813,0.013,0.05,0.0447167118680666,"chr7-117972378-117973236","ExcitatoryNeuronsCA1",131135,"Down"
"11","Shared","Cwc22","PTZvsSAL_24hr",69,3.17893093954078e-56,-0.941649878511862,0.494,0.806,5.26345132452586e-51,"chr2-77945820-77946697","ExcitatoryNeuronsCA1",0,"Down"
"12","Shared","Cwc22","PTZvsSAL_24hr",70,8.25038870401492e-39,-1.03839647673118,0.317,0.624,1.36604160888986e-33,"chr2-77933432-77934324","ExcitatoryNeuronsCA1",0,"Down"
"13","Shared","Cwc22","PTZvsSAL_24hr",72,3.2777296125465e-33,-1.0450855225251,0.27,0.538,5.42703525138162e-28,"chr2-77881108-77882033","ExcitatoryNeuronsCA1",0,"Down"
"14","Shared","Cwc22","PTZvsSAL_24hr",74,7.17526516856147e-26,-0.832764974679735,0.342,0.605,1.18803017975423e-20,"chr2-77897231-77898068","ExcitatoryNeuronsCA1",0,"Down"
"15","Shared","Cwc22","PTZvsSAL_24hr",75,7.99047960535495e-21,-0.979531591959724,0.21,0.416,1.32300767969744e-15,"chr2-77917741-77918635","ExcitatoryNeuronsCA1",0,"Down"
"16","Shared","Cwc22","PTZvsSAL_24hr",76,8.48136630048583e-21,-0.945927364070897,0.214,0.429,1.40428526247034e-15,"chr2-77941335-77942214","ExcitatoryNeuronsCA1",0,"Down"
"17","Shared","Cwc22","PTZvsSAL_24hr",77,4.68306969946585e-20,-1.05854615825016,0.173,0.366,7.75389899349659e-15,"chr2-77913469-77914332","ExcitatoryNeuronsCA1",0,"Down"
"18","Shared","Cwc22","PTZvsSAL_24hr",78,2.2070657572576e-15,-1.08732066780958,0.13,0.286,3.65430498626412e-10,"chr2-77885405-77886229","ExcitatoryNeuronsCA1",0,"Down"
"19","Shared","Cwc22","PTZvsSAL_24hr",79,4.64118148668745e-15,-0.912504307614741,0.173,0.345,7.68454342295302e-10,"chr2-77927952-77928844","ExcitatoryNeuronsCA1",0,"Down"
"20","Shared","Cwc22","PTZvsSAL_24hr",80,7.60476548894514e-15,-1.36962941872216,0.076,0.198,1.25914383630111e-09,"chr2-77951125-77951993","ExcitatoryNeuronsCA1",4749,"Down"
"21","Shared","Cwc22","PTZvsSAL_24hr",82,6.60483608923331e-14,-0.875035236688245,0.176,0.349,1.09358252580263e-08,"chr2-77889368-77890235","ExcitatoryNeuronsCA1",0,"Down"
"22","Shared","Cwc22","PTZvsSAL_24hr",83,3.61202631727145e-13,-1.01936182985162,0.13,0.275,5.98054033429585e-08,"chr2-77975363-77976288","ExcitatoryNeuronsCA1",28987,"Down"
"23","Shared","Cwc22","PTZvsSAL_24hr",85,2.97403224120099e-11,-0.980391391526984,0.12,0.252,4.92419440272371e-06,"chr2-77919682-77920650","ExcitatoryNeuronsCA1",0,"Down"
"24","Shared","Cwc22","PTZvsSAL_24hr",86,3.19665526664034e-11,-1.13799466030829,0.09,0.193,5.29279802463441e-06,"chr2-77996768-77997711","ExcitatoryNeuronsCA1",50392,"Down"
"25","Shared","Cwc22","PTZvsSAL_24hr",87,1.48420983713975e-10,-1.10979964634517,0.083,0.188,2.45745075364739e-05,"chr2-77980362-77981176","ExcitatoryNeuronsCA1",33986,"Down"
"26","Shared","Cwc22","PTZvsSAL_24hr",88,5.42393524524951e-09,-1.00004851912973,0.089,0.186,0.000898057230361697,"chr2-77991040-77991759","ExcitatoryNeuronsCA1",44664,"Down"
"27","Shared","Cwc22","PTZvsSAL_24hr",91,4.66700319634179e-08,-0.902843605850739,0.097,0.189,0.00772729720227899,"chr2-77994723-77995696","ExcitatoryNeuronsCA1",48347,"Down"
"28","Shared","Cwc22","PTZvsSAL_24hr",95,1.74939265254879e-07,-0.776061567213519,0.127,0.24,0.0289652189660461,"chr2-77912145-77913036","ExcitatoryNeuronsCA1",0,"Down"
"29","Shared","Cwc22","PTZvsSAL_24hr",137,6.90931605967451e-27,-1.13433910059607,0.374,0.713,1.14399618794849e-21,"chr2-77897231-77898068","ExcitatoryNeuronsCA3",0,"Down"
"30","Shared","Cwc22","PTZvsSAL_24hr",139,1.69117093599434e-21,-0.910949741493829,0.493,0.793,2.80012245385391e-16,"chr2-77945820-77946697","ExcitatoryNeuronsCA3",0,"Down"
"31","Shared","Cwc22","PTZvsSAL_24hr",141,2.13433961357036e-19,-0.962260538787815,0.372,0.673,3.53389012837685e-14,"chr2-77933432-77934324","ExcitatoryNeuronsCA3",0,"Down"
"32","Shared","Cwc22","PTZvsSAL_24hr",142,3.1495719958665e-18,-1.17379443772609,0.262,0.574,5.21484084071604e-13,"chr2-77913469-77914332","ExcitatoryNeuronsCA3",0,"Down"
"33","Shared","Cwc22","PTZvsSAL_24hr",143,9.46079549774021e-18,-1.45272099926229,0.174,0.452,1.56645229294734e-12,"chr2-77881108-77882033","ExcitatoryNeuronsCA3",0,"Down"
"34","Shared","Cwc22","PTZvsSAL_24hr",146,2.53144585466705e-11,-1.20087822016633,0.17,0.384,4.19139084494787e-06,"chr2-77975363-77976288","ExcitatoryNeuronsCA3",28987,"Down"
"35","Shared","Cwc22","PTZvsSAL_24hr",147,5.33755751068145e-10,-1.42224289523308,0.099,0.268,8.8375540971606e-05,"chr2-77951125-77951993","ExcitatoryNeuronsCA3",4749,"Down"
"36","Shared","Cwc22","PTZvsSAL_24hr",148,3.51936684860892e-09,-0.935855523102249,0.209,0.412,0.000582712127224724,"chr2-77927952-77928844","ExcitatoryNeuronsCA3",0,"Down"
"37","Shared","Cwc22","PTZvsSAL_24hr",149,2.10713709319612e-08,-1.16552891630061,0.134,0.304,0.00348885009931761,"chr2-77991040-77991759","ExcitatoryNeuronsCA3",44664,"Down"
"38","Shared","Cwc22","PTZvsSAL_24hr",151,5.23221019174163e-08,-1.24791392962181,0.106,0.266,0.00866312738077237,"chr2-77994723-77995696","ExcitatoryNeuronsCA3",48347,"Down"
"39","Shared","Cwc22","PTZvsSAL_24hr",152,1.53203970722901e-07,-1.54143714853528,0.059,0.188,0.0253664410445029,"chr2-77959240-77959989","ExcitatoryNeuronsCA3",12864,"Down"
"40","Shared","Cwc22","PTZvsSAL_24hr",160,3.26196981480295e-22,-0.914389715486398,0.343,0.598,5.40094128146369e-17,"chr2-77897231-77898068","ExcitatoryNeuronsImmatureDG",0,"Down"
"41","Shared","Cwc22","PTZvsSAL_24hr",161,2.51890314215912e-20,-0.780130729312425,0.432,0.676,4.17062349956711e-15,"chr2-77945820-77946697","ExcitatoryNeuronsImmatureDG",0,"Down"
"42","Shared","Cwc22","PTZvsSAL_24hr",163,1.24945141168909e-07,-0.91532785454154,0.133,0.263,0.0206875418587598,"chr2-77933432-77934324","ExcitatoryNeuronsImmatureDG",0,"Down"
"43","Shared","Cwc22","PTZvsSAL_24hr",235,1.95654394423682e-39,-0.985251955750042,0.444,0.767,3.23950850479124e-34,"chr2-77945820-77946697","ExcitatoryNeuronsMatureDG",0,"Down"
"44","Shared","Cwc22","PTZvsSAL_24hr",236,5.59610092029633e-23,-1.10122532760578,0.242,0.515,9.26563217676225e-18,"chr2-77897231-77898068","ExcitatoryNeuronsMatureDG",0,"Down"
"45","Shared","Cwc22","PTZvsSAL_24hr",237,5.50394513793938e-21,-1.09890932312657,0.219,0.474,9.11304708324037e-16,"chr2-77933432-77934324","ExcitatoryNeuronsMatureDG",0,"Down"
"46","Shared","Cwc22","PTZvsSAL_24hr",240,5.97142900301461e-11,-1.48905028853939,0.06,0.175,9.88707414316138e-06,"chr2-77994723-77995696","ExcitatoryNeuronsMatureDG",48347,"Down"
"47","Shared","Cwc22","PTZvsSAL_24hr",242,5.29279443091362e-09,-1.49525729511228,0.044,0.139,0.000876343852309661,"chr2-77996768-77997711","ExcitatoryNeuronsMatureDG",50392,"Down"
"48","Shared","Cwc22","PTZvsSAL_24hr",247,8.3562658582952e-08,-1.78278043003347,0.027,0.093,0.0138357200695551,"chr2-77951125-77951993","ExcitatoryNeuronsMatureDG",4749,"Down"
"49","Shared","Cwc22","PTZvsSAL_24hr",248,1.02182614224062e-07,-1.21135925210887,0.066,0.162,0.0169186819849206,"chr2-77917741-77918635","ExcitatoryNeuronsMatureDG",0,"Down"
"50","Shared","4930440I19Rik","PTZvsSAL_24hr",71,4.61001027931715e-35,-0.991244237586362,0.313,0.6,7.63293231977378e-30,"chr2-78021505-78022372","ExcitatoryNeuronsCA1",28804,"Down"
"51","Shared","4930440I19Rik","PTZvsSAL_24hr",73,9.39719594307891e-29,-1.02886296799188,0.257,0.513,1.5559219238834e-23,"chr2-78003922-78004922","ExcitatoryNeuronsCA1",46254,"Down"
"52","Shared","4930440I19Rik","PTZvsSAL_24hr",81,3.77903542935883e-14,-1.1992752811946,0.096,0.233,6.2570623314523e-09,"chr2-78010459-78011213","ExcitatoryNeuronsCA1",39963,"Down"
"53","Shared","4930440I19Rik","PTZvsSAL_24hr",84,7.03597651446426e-13,-1.03467997107883,0.119,0.256,1.16496773942939e-07,"chr2-78009583-78010377","ExcitatoryNeuronsCA1",40799,"Down"
"54","Shared","4930440I19Rik","PTZvsSAL_24hr",89,6.84912272101692e-09,-1.233424515685,0.055,0.131,0.00113402979628693,"chr2-78011776-78012610","ExcitatoryNeuronsCA1",38566,"Down"
"55","Shared","4930440I19Rik","PTZvsSAL_24hr",138,3.29796096312458e-22,-1.10281698264698,0.328,0.666,5.46053290547425e-17,"chr2-78021505-78022372","ExcitatoryNeuronsCA3",28804,"Down"
"56","Shared","4930440I19Rik","PTZvsSAL_24hr",140,2.97436303570935e-21,-0.993569626570613,0.381,0.704,4.92474210911504e-16,"chr2-78003922-78004922","ExcitatoryNeuronsCA3",46254,"Down"
"57","Shared","4930440I19Rik","PTZvsSAL_24hr",144,8.47637396234368e-13,-1.24838697212465,0.161,0.395,1.40345866606713e-07,"chr2-78025644-78026476","ExcitatoryNeuronsCA3",24700,"Down"
"58","Shared","4930440I19Rik","PTZvsSAL_24hr",145,8.92303742214379e-13,-1.42027276807951,0.126,0.346,1.47741407509661e-07,"chr2-78010459-78011213","ExcitatoryNeuronsCA3",39963,"Down"
"59","Shared","4930440I19Rik","PTZvsSAL_24hr",150,3.05735911838012e-08,-1.13343702204335,0.132,0.32,0.00506216121307552,"chr2-78009583-78010377","ExcitatoryNeuronsCA3",40799,"Down"
"60","Shared","4930440I19Rik","PTZvsSAL_24hr",153,2.08439460822759e-07,-1.23882936766039,0.099,0.249,0.0345119468468067,"chr2-78026599-78027293","ExcitatoryNeuronsCA3",23883,"Down"
"61","Shared","4930440I19Rik","PTZvsSAL_24hr",162,9.98992002044589e-11,-1.31302657273881,0.089,0.241,1.65406102754529e-05,"chr2-78021505-78022372","ExcitatoryNeuronsImmatureDG",28804,"Down"
"62","Shared","4930440I19Rik","PTZvsSAL_24hr",238,2.96076009596337e-20,-1.23921918156583,0.166,0.413,4.90221931368943e-15,"chr2-78021505-78022372","ExcitatoryNeuronsMatureDG",28804,"Down"
"63","Shared","4930440I19Rik","PTZvsSAL_24hr",239,2.75210848844699e-19,-1.10979090808666,0.194,0.441,4.55674858757633e-14,"chr2-78003922-78004922","ExcitatoryNeuronsMatureDG",46254,"Down"
"64","Shared","4930440I19Rik","PTZvsSAL_24hr",241,2.38109754347322e-10,-1.61930692447411,0.045,0.151,3.94245463565491e-05,"chr2-78010459-78011213","ExcitatoryNeuronsMatureDG",39963,"Down"
"65","Shared","4930440I19Rik","PTZvsSAL_24hr",243,1.14191570813979e-08,-1.22405154228101,0.074,0.18,0.00189070409543829,"chr2-78009583-78010377","ExcitatoryNeuronsMatureDG",40799,"Down"
"66","Shared","4930440I19Rik","PTZvsSAL_24hr",245,2.35875210481855e-08,-1.41873125982339,0.052,0.151,0.00390545662251122,"chr2-78026599-78027293","ExcitatoryNeuronsMatureDG",23883,"Down"
"67","Shared","4930440I19Rik","PTZvsSAL_24hr",249,1.31389723224507e-07,-1.06644952443805,0.089,0.187,0.0217545906434512,"chr2-78025644-78026476","ExcitatoryNeuronsMatureDG",24700,"Down"
"68","DG","Rnf126","PTZvsSAL_24hr",244,2.18326055659427e-08,-0.673407287805091,0.245,0.403,0.00361489000136983,"chr10-79766767-79767780","ExcitatoryNeuronsMatureDG",0,"Down"
"69","DG","Yme1l1","PTZvsSAL_24hr",246,5.4616000525938e-08,-0.603981748121386,0.277,0.459,0.00904293505508113,"chr2-23155708-23156654","ExcitatoryNeuronsMatureDG",0,"Down"
"70","DG","Bola2","PTZvsSAL_24hr",250,1.64961888297215e-07,-0.923806121458653,0.121,0.251,0.0273132347310349,"chr7-126695383-126696325","ExcitatoryNeuronsMatureDG",0,"Down"
"71","DG","Mfsd14b","PTZvsSAL_24hr",251,1.89571771560847e-07,-0.771617499467326,0.166,0.292,0.0313879669326441,"chr13-65112476-65113384","ExcitatoryNeuronsMatureDG",0,"Down"
"72","CA3","Rmdn1","PTZvsSAL_24hr",154,2.20561028098572e-07,-0.871468898729765,0.196,0.358,0.0365189511053648,"chr4-19574684-19575598","ExcitatoryNeuronsCA3",0,"Down"
"73","CA1","Rad23b","PTZvsSAL_24hr",90,2.6176276509078e-08,-0.434981856676651,0.402,0.555,0.00433408463043757,"chr4-55349433-55350337","ExcitatoryNeuronsCA1",0,"Down"
"74","CA1","Gm13727","PTZvsSAL_24hr",92,6.33859077659519e-08,-1.05956298159165,0.068,0.148,0.010494994906532,"chr2-77870879-77871821","ExcitatoryNeuronsCA1",7931,"Down"
"75","CA1","Qk","PTZvsSAL_24hr",93,9.65422084456667e-08,-0.534645702391592,0.273,0.4,0.0159847830789744,"chr17-10319188-10320289","ExcitatoryNeuronsCA1",0,"Down"
"76","CA1","2210408I21Rik","PTZvsSAL_24hr",94,1.42223484224273e-07,-1.01068325208242,0.073,0.156,0.0235483689534656,"chr13-77396650-77397559","ExcitatoryNeuronsCA1",0,"Down"
"77","CA1","6330411D24Rik","PTZvsSAL_24hr",96,2.51194265232321e-07,-1.41851820167967,0.033,0.087,0.0415909880773111,"chr4-142577219-142578236","ExcitatoryNeuronsCA1",20204,"Down"
"78","CA1","Adgrb3","PTZvsSAL_24hr",97,2.51455337710467e-07,-0.780274412219742,0.113,0.207,0.0416342146307351,"chr1-25698471-25699426","ExcitatoryNeuronsCA1",0,"Down"
"79","Shared","Cwc22","24hrvs1hr_PTZ",12,7.74385758976907e-51,-0.920317534460047,0.494,0.696,1.28217373271083e-45,"chr2-77945820-77946697","ExcitatoryNeuronsCA1",0,"Down"
"80","Shared","Cwc22","24hrvs1hr_PTZ",13,5.91750380062961e-28,-0.876190293755813,0.317,0.495,9.79778856781646e-23,"chr2-77933432-77934324","ExcitatoryNeuronsCA1",0,"Down"
"81","Shared","Cwc22","24hrvs1hr_PTZ",14,7.33292134640085e-26,-0.811991491613375,0.342,0.517,1.21413378608763e-20,"chr2-77897231-77898068","ExcitatoryNeuronsCA1",0,"Down"
"82","Shared","Cwc22","24hrvs1hr_PTZ",17,1.25216373647778e-18,-1.00650634965163,0.173,0.307,2.07324506339835e-13,"chr2-77913469-77914332","ExcitatoryNeuronsCA1",0,"Down"
"83","Shared","Cwc22","24hrvs1hr_PTZ",18,3.8768705097824e-16,-1.06824481927092,0.13,0.255,6.41905080916202e-11,"chr2-77975363-77976288","ExcitatoryNeuronsCA1",28987,"Down"
"84","Shared","Cwc22","24hrvs1hr_PTZ",19,4.05150094196569e-15,-0.816019884630401,0.21,0.334,6.70819165464085e-10,"chr2-77917741-77918635","ExcitatoryNeuronsCA1",0,"Down"
"85","Shared","Cwc22","24hrvs1hr_PTZ",20,6.16820183117561e-15,-0.705178528896864,0.27,0.391,1.02128768179324e-09,"chr2-77881108-77882033","ExcitatoryNeuronsCA1",0,"Down"
"86","Shared","Cwc22","24hrvs1hr_PTZ",23,1.05738810604046e-13,-0.760740662834265,0.214,0.337,1.75074920881437e-08,"chr2-77941335-77942214","ExcitatoryNeuronsCA1",0,"Down"
"87","Shared","Cwc22","24hrvs1hr_PTZ",24,2.9142831552202e-13,-1.26073786343467,0.076,0.165,4.82526604859275e-08,"chr2-77951125-77951993","ExcitatoryNeuronsCA1",4749,"Down"
"88","Shared","Cwc22","24hrvs1hr_PTZ",27,5.04805109671101e-09,-0.692048849347424,0.173,0.267,0.000835820964235733,"chr2-77927952-77928844","ExcitatoryNeuronsCA1",0,"Down"
"89","Shared","Cwc22","24hrvs1hr_PTZ",29,7.44489573939897e-09,-0.684023381067653,0.176,0.265,0.00123267372225951,"chr2-77889368-77890235","ExcitatoryNeuronsCA1",0,"Down"
"90","Shared","Cwc22","24hrvs1hr_PTZ",98,7.39920847813312e-41,-1.14707614086797,0.493,0.75,1.22510914534994e-35,"chr2-77945820-77946697","ExcitatoryNeuronsCA3",0,"Down"
"91","Shared","Cwc22","24hrvs1hr_PTZ",99,1.58003783755601e-33,-1.2092926067487,0.374,0.647,2.61611604877661e-28,"chr2-77897231-77898068","ExcitatoryNeuronsCA3",0,"Down"
"92","Shared","Cwc22","24hrvs1hr_PTZ",100,1.07530349546607e-19,-1.12675635736783,0.262,0.481,1.78041225654803e-14,"chr2-77913469-77914332","ExcitatoryNeuronsCA3",0,"Down"
"93","Shared","Cwc22","24hrvs1hr_PTZ",103,2.8605813884389e-17,-0.860910617786772,0.372,0.574,4.73635042227994e-12,"chr2-77933432-77934324","ExcitatoryNeuronsCA3",0,"Down"
"94","Shared","Cwc22","24hrvs1hr_PTZ",105,1.12891927341245e-12,-1.28903058142005,0.134,0.293,1.8691855085672e-07,"chr2-77991040-77991759","ExcitatoryNeuronsCA3",44664,"Down"
"95","Shared","Cwc22","24hrvs1hr_PTZ",106,2.28447316750247e-12,-1.14471357796748,0.174,0.34,3.78247075762887e-07,"chr2-77881108-77882033","ExcitatoryNeuronsCA3",0,"Down"
"96","Shared","Cwc22","24hrvs1hr_PTZ",108,2.31126983510332e-09,-0.999864838253599,0.167,0.311,0.000382683880407563,"chr2-77917741-77918635","ExcitatoryNeuronsCA3",0,"Down"
"97","Shared","Cwc22","24hrvs1hr_PTZ",110,4.33687820857712e-09,-1.39184485050646,0.084,0.195,0.000718069935628739,"chr2-77987449-77988360","ExcitatoryNeuronsCA3",41073,"Down"
"98","Shared","Cwc22","24hrvs1hr_PTZ",114,3.62889213064927e-08,-1.22361474582069,0.099,0.202,0.00600846556747992,"chr2-77951125-77951993","ExcitatoryNeuronsCA3",4749,"Down"
"99","Shared","Cwc22","24hrvs1hr_PTZ",118,1.06698700771711e-07,-0.901474521117425,0.163,0.299,0.0176664239828745,"chr2-77889368-77890235","ExcitatoryNeuronsCA3",0,"Down"
"100","Shared","Cwc22","24hrvs1hr_PTZ",119,1.73349389435294e-07,-0.888465645320188,0.17,0.291,0.02870197845697,"chr2-77975363-77976288","ExcitatoryNeuronsCA3",28987,"Down"
"101","Shared","Cwc22","24hrvs1hr_PTZ",155,2.9250978442865e-32,-1.17437852169594,0.432,0.737,4.84317225372049e-27,"chr2-77945820-77946697","ExcitatoryNeuronsImmatureDG",0,"Down"
"102","Shared","Cwc22","24hrvs1hr_PTZ",156,2.12192604757431e-15,-0.950994199831275,0.343,0.551,3.51333661475022e-10,"chr2-77897231-77898068","ExcitatoryNeuronsImmatureDG",0,"Down"
"103","Shared","Cwc22","24hrvs1hr_PTZ",168,1.40334760755846e-10,-0.528133555351412,0.444,0.532,2.32356473426276e-05,"chr2-77945820-77946697","ExcitatoryNeuronsMatureDG",0,"Down"
"104","Shared","Tmem267","24hrvs1hr_PTZ",16,4.03251775027058e-19,-1.96804443962957,0.037,0.135,6.6767606146555e-14,"chr13-119601268-119602007","ExcitatoryNeuronsCA1",0,"Down"
"105","Shared","Tmem267","24hrvs1hr_PTZ",25,5.02465323518285e-13,-0.657614250644803,0.266,0.399,8.3194691010893e-08,"chr13-119487905-119488913","ExcitatoryNeuronsCA1",0,"Down"
"106","Shared","Tmem267","24hrvs1hr_PTZ",32,1.99476580317303e-08,-1.23673381529864,0.043,0.106,0.00330279358328769,"chr13-119596150-119597084","ExcitatoryNeuronsCA1",0,"Down"
"107","Shared","Tmem267","24hrvs1hr_PTZ",111,7.2539580344084e-09,-1.94004934490587,0.035,0.126,0.0012010595936311,"chr13-119596150-119597084","ExcitatoryNeuronsCA3",0,"Down"
"108","Shared","Tmem267","24hrvs1hr_PTZ",112,1.4506785365472e-08,-1.66897858896355,0.051,0.141,0.0024019319733173,"chr13-119601268-119602007","ExcitatoryNeuronsCA3",0,"Down"
"109","Shared","Tmem267","24hrvs1hr_PTZ",193,3.29031658048009e-08,-2.04300687260689,0.016,0.065,0.00544787587179831,"chr13-119596150-119597084","ExcitatoryNeuronsMatureDG",0,"Down"
"110","Shared","Tmem267","24hrvs1hr_PTZ",205,9.24679709373806e-08,-1.69851846752557,0.026,0.077,0.0153101993520149,"chr13-119601268-119602007","ExcitatoryNeuronsMatureDG",0,"Down"
"111","CA1_DG","Pdap1","24hrvs1hr_PTZ",31,1.75863289777318e-08,-1.30939093222573,0.039,0.098,0.00291182124782999,"chr5-145129980-145130884","ExcitatoryNeuronsCA1",0,"Down"
"112","CA1_DG","Pdap1","24hrvs1hr_PTZ",203,8.56915085876574e-08,-2.07383394947227,0.015,0.06,0.0141882001513842,"chr5-145129980-145130884","ExcitatoryNeuronsMatureDG",0,"Down"
"113","DG","Itga11","24hrvs1hr_PTZ",164,1.71224985579284e-13,-1.92083556474261,0.037,0.121,2.83502345373187e-08,"chr9-62763364-62764200","ExcitatoryNeuronsMatureDG",0,"Down"
"114","DG","Cr2","24hrvs1hr_PTZ",165,3.18405250378688e-12,-0.936181661309451,0.17,0.285,5.27193125209505e-07,"chr1-195241229-195242143","ExcitatoryNeuronsMatureDG",64512,"Down"
"115","DG","Slc25a30","24hrvs1hr_PTZ",166,1.38267215910347e-11,-1.82277741074321,0.033,0.111,2.28933177399239e-06,"chr14-75770994-75771933","ExcitatoryNeuronsMatureDG",0,"Down"
"116","DG","Gm16048","24hrvs1hr_PTZ",167,4.22173844422386e-11,-2.25169019067798,0.019,0.084,6.99005899425478e-06,"chr3-90451470-90452369","ExcitatoryNeuronsMatureDG",0,"Down"
"117","DG","Itpkb","24hrvs1hr_PTZ",169,3.31287035088447e-10,-1.72423290398742,0.034,0.105,5.48521882606994e-05,"chr1-180384194-180385117","ExcitatoryNeuronsMatureDG",0,"Down"
"118","DG","Sim1","24hrvs1hr_PTZ",170,4.70650824756738e-10,1.33009947178361,0.144,0.057,7.79270690074473e-05,"chr10-50894151-50895022","ExcitatoryNeuronsMatureDG",0,"Up"
"119","DG","Mir9-3hg","24hrvs1hr_PTZ",171,5.67462103408863e-10,-1.83863135149778,0.027,0.098,9.39564028477157e-05,"chr7-79486279-79487211","ExcitatoryNeuronsMatureDG",12814,"Down"
"120","DG","Gm17226","24hrvs1hr_PTZ",172,6.37650167245186e-10,1.58154119883642,0.116,0.04,0.000105577651141287,"chr9-55540558-55541463","ExcitatoryNeuronsMatureDG",0,"Up"
"121","DG","Zfp189","24hrvs1hr_PTZ",173,6.55170864506149e-10,-1.63997430421204,0.037,0.105,0.000108478605548877,"chr4-49522349-49523224","ExcitatoryNeuronsMatureDG",0,"Down"
"122","DG","Tbc1d32","24hrvs1hr_PTZ",174,7.04075330677835e-10,1.39718907141375,0.13,0.048,0.000116575864726321,"chr10-55851009-55851941","ExcitatoryNeuronsMatureDG",162351,"Up"
"123","DG","Samd12","24hrvs1hr_PTZ",175,1.07969261363196e-09,-2.35093709663102,0.014,0.067,0.000178767945116884,"chr15-53896667-53897528","ExcitatoryNeuronsMatureDG",0,"Down"
"124","DG","Noct","24hrvs1hr_PTZ",176,1.32697220018314e-09,-1.68558877389919,0.035,0.099,0.000219710768100923,"chr3-51195150-51196109","ExcitatoryNeuronsMatureDG",28337,"Down"
"125","DG","Gm29456","24hrvs1hr_PTZ",177,2.92808929951781e-09,1.6824204445837,0.094,0.031,0.000484812529589062,"chr1-119223599-119224474","ExcitatoryNeuronsMatureDG",80871,"Up"
"126","DG","Trhr2","24hrvs1hr_PTZ",178,5.10073279918543e-09,-2.40996318511841,0.012,0.063,0.00084454363175953,"chr8-122355735-122356660","ExcitatoryNeuronsMatureDG",306,"Down"
"127","DG","Mapk12","24hrvs1hr_PTZ",179,6.81533431622552e-09,-2.35712081162644,0.012,0.059,0.00112843534874041,"chr15-89137268-89138093","ExcitatoryNeuronsMatureDG",0,"Down"
"128","DG","Ccnd3","24hrvs1hr_PTZ",180,8.3872515741159e-09,-1.36555735638873,0.048,0.118,0.00138870240488109,"chr17-47510856-47511751","ExcitatoryNeuronsMatureDG",0,"Down"
"129","DG","1700023F06Rik","24hrvs1hr_PTZ",181,8.82786433173839e-09,-2.40390103690778,0.011,0.057,0.00146165598099892,"chr11-103205891-103206816","ExcitatoryNeuronsMatureDG",0,"Down"
"130","DG","Prkcb","24hrvs1hr_PTZ",182,9.46252807811658e-09,-2.15123420201979,0.016,0.068,0.001566739161478,"chr7-122584269-122585279","ExcitatoryNeuronsMatureDG",0,"Down"
"131","DG","Meis1","24hrvs1hr_PTZ",183,1.15761943429904e-08,1.48949941578889,0.106,0.038,0.00191670522595195,"chr11-19020113-19020956","ExcitatoryNeuronsMatureDG",1127,"Up"
"132","DG","Gm28826","24hrvs1hr_PTZ",184,1.16164324359264e-08,-2.53990637518643,0.01,0.053,0.00192336756771365,"chr1-47192759-47193703","ExcitatoryNeuronsMatureDG",3687,"Down"
"133","DG","Gnas","24hrvs1hr_PTZ",185,1.46004225084407e-08,1.46683052083499,0.108,0.038,0.00241743575599006,"chr2-174295051-174295954","ExcitatoryNeuronsMatureDG",0,"Up"
"134","DG","Sfxn1","24hrvs1hr_PTZ",186,1.62413715901474e-08,-1.97406182283913,0.019,0.071,0.00268913261829547,"chr13-54100813-54101737","ExcitatoryNeuronsMatureDG",0,"Down"
"135","DG","Gm37240","24hrvs1hr_PTZ",187,1.88207971974266e-08,-1.69530303258442,0.028,0.086,0.00311621585436951,"chr3-85553439-85554389","ExcitatoryNeuronsMatureDG",0,"Down"
"136","DG","Psmb5","24hrvs1hr_PTZ",188,1.90312510117581e-08,-1.43076307806936,0.042,0.105,0.00315106132376983,"chr14-54610409-54611326","ExcitatoryNeuronsMatureDG",2792,"Down"
"137","DG","Wipf3","24hrvs1hr_PTZ",189,2.3476342819343e-08,-1.31845994689971,0.051,0.122,0.00388704850962708,"chr6-54475964-54476893","ExcitatoryNeuronsMatureDG",0,"Down"
"138","DG","Gdap2","24hrvs1hr_PTZ",190,2.55494589386941e-08,-2.14991164179018,0.015,0.06,0.00423030056485641,"chr3-100201394-100202173","ExcitatoryNeuronsMatureDG",0,"Down"
"139","DG","Gm30371","24hrvs1hr_PTZ",191,2.88119088845048e-08,-1.45009339444302,0.04,0.103,0.00477047418973411,"chr16-8993282-8994208","ExcitatoryNeuronsMatureDG",23381,"Down"
"140","DG","Col6a4","24hrvs1hr_PTZ",192,3.17132961441004e-08,-1.75921564216357,0.025,0.081,0.00525086558246714,"chr9-106080027-106080996","ExcitatoryNeuronsMatureDG",0,"Down"
"141","DG","Asic2","24hrvs1hr_PTZ",194,3.45543876554979e-08,-2.27041051314732,0.012,0.057,0.00572127362728375,"chr11-81091875-81092728","ExcitatoryNeuronsMatureDG",0,"Down"
"142","DG","Fam155a","24hrvs1hr_PTZ",195,3.58169406024213e-08,-2.4644763289637,0.01,0.054,0.00593031830636471,"chr8-9453533-9454390","ExcitatoryNeuronsMatureDG",0,"Down"
"143","DG","Lrp1b","24hrvs1hr_PTZ",196,4.22020159134149e-08,1.87318002694359,0.071,0.019,0.00698751438083184,"chr2-40456089-40457034","ExcitatoryNeuronsMatureDG",138211,"Up"
"144","DG","Ddrgk1","24hrvs1hr_PTZ",197,4.3130159553717e-08,-1.40068925346588,0.043,0.106,0.00714118990778759,"chr2-130657340-130658192","ExcitatoryNeuronsMatureDG",0,"Down"
"145","DG","Gabrg3","24hrvs1hr_PTZ",198,5.1595284632273e-08,2.0505870331905,0.062,0.016,0.00854278606241934,"chr7-56940634-56941594","ExcitatoryNeuronsMatureDG",0,"Up"
"146","DG","Mbd5","24hrvs1hr_PTZ",199,5.45743074101852e-08,-1.59393723290072,0.031,0.086,0.00903603180082659,"chr2-49379060-49380021","ExcitatoryNeuronsMatureDG",53654,"Down"
"147","DG","Ksr1","24hrvs1hr_PTZ",200,6.52903774072541e-08,-1.77432439969049,0.023,0.076,0.0108103236584513,"chr11-79171755-79172676","ExcitatoryNeuronsMatureDG",25347,"Down"
"148","DG","Gm48276","24hrvs1hr_PTZ",201,7.92095584257706e-08,-2.34182778580318,0.01,0.053,0.0131149642172301,"chr10-76730009-76730934","ExcitatoryNeuronsMatureDG",0,"Down"
"149","DG","Nectin2","24hrvs1hr_PTZ",202,8.16538279746898e-08,0.804489380394078,0.231,0.136,0.0135196692592533,"chr7-19749216-19750115","ExcitatoryNeuronsMatureDG",0,"Up"
"150","DG","2610307P16Rik","24hrvs1hr_PTZ",204,8.83316541221274e-08,2.09167190203574,0.059,0.014,0.014625336967963,"chr13-28777471-28778334","ExcitatoryNeuronsMatureDG",0,"Up"
"151","DG","Atp7a","24hrvs1hr_PTZ",206,9.47729194193586e-08,1.09217845844376,0.148,0.066,0.0156918365870215,"chrX-106026745-106027673","ExcitatoryNeuronsMatureDG",0,"Up"
"152","DG","4930415C11Rik","24hrvs1hr_PTZ",207,9.52383471138145e-08,-1.03772252195205,0.083,0.155,0.0157688988466756,"chr13-59073380-59074351","ExcitatoryNeuronsMatureDG",0,"Down"
"153","DG","Ifrd1","24hrvs1hr_PTZ",208,1.05836681786121e-07,-1.97940220365951,0.017,0.064,0.0175236969133734,"chr12-40262834-40263686","ExcitatoryNeuronsMatureDG",14329,"Down"
"154","DG","Cxcl12","24hrvs1hr_PTZ",209,1.06868028228935e-07,-1.37663410059157,0.041,0.102,0.0176944600379494,"chr6-117218585-117219561","ExcitatoryNeuronsMatureDG",37217,"Down"
"155","DG","Dll4","24hrvs1hr_PTZ",210,1.14200957448583e-07,1.35594473211108,0.108,0.042,0.0189085951276342,"chr2-119336186-119337027","ExcitatoryNeuronsMatureDG",223,"Up"
"156","DG","Insm1","24hrvs1hr_PTZ",211,1.1569099495922e-07,1.07302418524347,0.152,0.072,0.0191553051083829,"chr2-146221608-146222498","ExcitatoryNeuronsMatureDG",0,"Up"
"157","DG","Unc80","24hrvs1hr_PTZ",212,1.43525565572771e-07,-2.07983969608552,0.015,0.058,0.0237639584685803,"chr1-66552118-66553046","ExcitatoryNeuronsMatureDG",0,"Down"
"158","DG","Mrps21","24hrvs1hr_PTZ",213,1.45533318312254e-07,-1.10495162390103,0.069,0.138,0.0240963881129148,"chr3-95864717-95865665","ExcitatoryNeuronsMatureDG",0,"Down"
"159","DG","Scaf11","24hrvs1hr_PTZ",214,1.47268028093885e-07,-1.5154100585079,0.033,0.087,0.0243836092155888,"chr15-96408495-96409461","ExcitatoryNeuronsMatureDG",2237,"Down"
"160","DG","Gm21060","24hrvs1hr_PTZ",215,1.48659657612673e-07,-0.651264239074212,0.208,0.302,0.0246140254899032,"chr19-61266374-61267259","ExcitatoryNeuronsMatureDG",29642,"Down"
"161","DG","Mt1","24hrvs1hr_PTZ",216,1.55984905823878e-07,-1.05497010017735,0.076,0.151,0.025826888811977,"chr8-94178646-94179554","ExcitatoryNeuronsMatureDG",0,"Down"
"162","DG","Tacc1","24hrvs1hr_PTZ",217,1.6245296513534e-07,-1.6017991936768,0.028,0.082,0.0268978247963536,"chr8-25138979-25139944","ExcitatoryNeuronsMatureDG",14607,"Down"
"163","DG","Myh9","24hrvs1hr_PTZ",218,1.66174667330787e-07,-1.50193787725162,0.033,0.092,0.0275140381939604,"chr15-77784136-77785098","ExcitatoryNeuronsMatureDG",0,"Down"
"164","DG","Olfr419","24hrvs1hr_PTZ",219,1.83971490477671e-07,1.65134882431812,0.074,0.024,0.0304607115928595,"chr1-174250015-174250974","ExcitatoryNeuronsMatureDG",0,"Up"
"165","DG","Clta","24hrvs1hr_PTZ",220,1.84563507528782e-07,-1.55952277593875,0.031,0.082,0.030558733632063,"chr4-44028193-44029050","ExcitatoryNeuronsMatureDG",0,"Down"
"166","DG","Dnah9","24hrvs1hr_PTZ",221,1.90890096793005e-07,-1.42378375332068,0.036,0.096,0.0316062459963082,"chr11-66072601-66073578","ExcitatoryNeuronsMatureDG",0,"Down"
"167","DG","Lynx1","24hrvs1hr_PTZ",222,1.92263517012438e-07,-1.40896953250703,0.037,0.095,0.0318336473023004,"chr15-74748968-74749923","ExcitatoryNeuronsMatureDG",0,"Down"
"168","DG","Gm36855","24hrvs1hr_PTZ",223,2.08563576270163e-07,-1.43481180171961,0.037,0.092,0.0345324970137796,"chr9-43536939-43537851","ExcitatoryNeuronsMatureDG",15934,"Down"
"169","DG","Gm26740","24hrvs1hr_PTZ",224,2.16869721019959e-07,2.17820176585745,0.053,0.012,0.0359077703184376,"chr10-22282755-22283688","ExcitatoryNeuronsMatureDG",0,"Up"
"170","DG","Tmprss15","24hrvs1hr_PTZ",225,2.45654120279508e-07,1.55750183426854,0.084,0.029,0.040673689657039,"chr16-79449530-79450483","ExcitatoryNeuronsMatureDG",358432,"Up"
"171","DG","Gm6657","24hrvs1hr_PTZ",226,2.82199525601012e-07,1.44386023616202,0.088,0.033,0.0467246220523363,"chr12-77976720-77977645","ExcitatoryNeuronsMatureDG",216596,"Up"
"172","DG","Zbtb16","24hrvs1hr_PTZ",227,2.95216972238544e-07,-1.34776779520528,0.042,0.102,0.0488799597444524,"chr9-48723300-48724288","ExcitatoryNeuronsMatureDG",0,"Down"
"173","CA1_CA3","4930440I19Rik","24hrvs1hr_PTZ",15,3.57683174488175e-20,-0.764777449902513,0.313,0.459,5.92226762495307e-15,"chr2-78021505-78022372","ExcitatoryNeuronsCA1",28804,"Down"
"174","CA1_CA3","4930440I19Rik","24hrvs1hr_PTZ",22,3.17807196994975e-14,-0.723899561521686,0.257,0.373,5.26202910280489e-09,"chr2-78003922-78004922","ExcitatoryNeuronsCA1",46254,"Down"
"175","CA1_CA3","4930440I19Rik","24hrvs1hr_PTZ",26,1.79582918217048e-09,-0.944543492873064,0.096,0.176,0.000297340825179514,"chr2-78010459-78011213","ExcitatoryNeuronsCA1",39963,"Down"
"176","CA1_CA3","4930440I19Rik","24hrvs1hr_PTZ",36,3.89446997502542e-08,-0.6740230641311,0.166,0.243,0.00644819077174884,"chr2-78025644-78026476","ExcitatoryNeuronsCA1",24700,"Down"
"177","CA1_CA3","4930440I19Rik","24hrvs1hr_PTZ",101,1.24416327148824e-18,-1.5427765660325,0.126,0.335,2.05999845350122e-13,"chr2-78010459-78011213","ExcitatoryNeuronsCA3",39963,"Down"
"178","CA1_CA3","4930440I19Rik","24hrvs1hr_PTZ",102,8.85879447075144e-18,-0.860000524108914,0.381,0.587,1.46677717690573e-12,"chr2-78003922-78004922","ExcitatoryNeuronsCA3",46254,"Down"
"179","CA1_CA3","4930440I19Rik","24hrvs1hr_PTZ",104,7.5412083425725e-16,-0.903332281754737,0.328,0.526,1.24862048890476e-10,"chr2-78021505-78022372","ExcitatoryNeuronsCA3",28804,"Down"
"180","CA1_CA3","4930440I19Rik","24hrvs1hr_PTZ",109,2.89318223615951e-09,-1.25476861604698,0.099,0.225,0.000479032862387638,"chr2-78026599-78027293","ExcitatoryNeuronsCA3",23883,"Down"
"181","CA1_CA3","4930440I19Rik","24hrvs1hr_PTZ",115,5.61990573616225e-08,-1.00540725339299,0.132,0.268,0.00930504652453593,"chr2-78009583-78010377","ExcitatoryNeuronsCA3",40799,"Down"
"182","CA1_CA3","4930440I19Rik","24hrvs1hr_PTZ",116,7.45295313163632e-08,-0.932404830436171,0.161,0.286,0.0123400780886442,"chr2-78025644-78026476","ExcitatoryNeuronsCA3",24700,"Down"
"183","CA1_CA3","4930440I19Rik","24hrvs1hr_PTZ",157,1.07378206558134e-08,-1.18864951514586,0.135,0.281,0.00177789317944499,"chr2-78003922-78004922","ExcitatoryNeuronsImmatureDG",46254,"Down"
"184","CA3","Akr1e1","24hrvs1hr_PTZ",107,3.61624851333962e-10,1.30005640185894,0.229,0.101,5.98753115099181e-05,"chr13-4608723-4609626","ExcitatoryNeuronsCA3",0,"Up"
"185","CA3","Slit2","24hrvs1hr_PTZ",113,3.17471281439051e-08,1.7407203487209,0.117,0.04,0.00525646724817079,"chr5-48129582-48130502","ExcitatoryNeuronsCA3",0,"Up"
"186","CA3","Gm26917","24hrvs1hr_PTZ",117,9.17884524000556e-08,0.399938454702865,0.795,0.7,0.0151976894292344,"chr17-39845560-39846509","ExcitatoryNeuronsCA3",0,"Up"
"187","CA3","Gm10800","24hrvs1hr_PTZ",120,2.31534018719485e-07,-0.296018797656256,0.769,0.828,0.0383357820814413,"chr2-98666640-98667361","ExcitatoryNeuronsCA3",0,"Down"
"188","CA3","Immp2l","24hrvs1hr_PTZ",121,2.97119379782317e-07,2.95896118085013,0.053,0.006,0.0491949470686975,"chr12-41305004-41305853","ExcitatoryNeuronsCA3",0,"Up"
"189","CA1","Gm15726","24hrvs1hr_PTZ",21,1.74286683014538e-14,-1.53992655660826,0.052,0.138,2.88571689667661e-09,"chrX-169978836-169979679","ExcitatoryNeuronsCA1",0,"Down"
"190","CA1","Gm45843","24hrvs1hr_PTZ",28,7.41294658534172e-09,-1.32104894232393,0.041,0.102,0.00122738380497478,"chr8-104564659-104565546","ExcitatoryNeuronsCA1",7671,"Down"
"191","CA1","1600014C10Rik","24hrvs1hr_PTZ",30,1.01819802373471e-08,-0.467994583640376,0.327,0.436,0.00168586101383827,"chr7-38200572-38201429","ExcitatoryNeuronsCA1",3003,"Down"
"192","CA1","Efcab5","24hrvs1hr_PTZ",33,2.51101048542559e-08,-1.16298860289757,0.052,0.113,0.00415755539103371,"chr11-77174258-77175226","ExcitatoryNeuronsCA1",0,"Down"
"193","CA1","Gm39043","24hrvs1hr_PTZ",34,3.18910469168817e-08,-1.58488717116951,0.025,0.071,0.00528029631116885,"chr7-83826406-83827420","ExcitatoryNeuronsCA1",0,"Down"
"194","CA1","4930542D17Rik","24hrvs1hr_PTZ",35,3.74275848619078e-08,-1.38724101850665,0.033,0.086,0.00619699750834066,"chr16-50672998-50673973","ExcitatoryNeuronsCA1",18831,"Down"
"195","CA1","P4ha2","24hrvs1hr_PTZ",37,3.99268599854876e-08,-0.918837648683188,0.084,0.157,0.00661080998837714,"chr11-54112628-54113553","ExcitatoryNeuronsCA1",0,"Down"
"196","CA1","Papola","24hrvs1hr_PTZ",38,8.26443011466687e-08,-1.70297658475243,0.02,0.061,0.0136836648737574,"chr12-105832354-105833147","ExcitatoryNeuronsCA1",0,"Down"
"197","CA1","Gm13441","24hrvs1hr_PTZ",39,1.24826799215445e-07,-1.20548373741776,0.044,0.096,0.0206679476264989,"chr2-31876185-31877175","ExcitatoryNeuronsCA1",9758,"Down"
"198","CA1","Fhit","24hrvs1hr_PTZ",40,1.47360814400499e-07,1.37202634018337,0.076,0.029,0.0243989721227338,"chr14-10531645-10532596","ExcitatoryNeuronsCA1",0,"Up"
"199","CA1","Gm34804","24hrvs1hr_PTZ",41,2.16858637903109e-07,-1.16232157812394,0.045,0.099,0.0359059352535314,"chr18-5944662-5945611","ExcitatoryNeuronsCA1",0,"Down"
"200","CA1","Serpina9","24hrvs1hr_PTZ",42,2.32335389369254e-07,-1.25119910926816,0.037,0.088,0.0384684674240354,"chr12-103992590-103993475","ExcitatoryNeuronsCA1",1267,"Down"
"201","Shared","Cwc22","24hrvs1hr_SAL",55,4.27740276529138e-08,0.425618162087204,0.538,0.41,0.0070822240805759,"chr2-77881108-77882033","ExcitatoryNeuronsCA1",0,"Up"
"202","Shared","Cwc22","24hrvs1hr_SAL",124,4.00448090884605e-09,0.820303751298568,0.452,0.277,0.000663033917520367,"chr2-77881108-77882033","ExcitatoryNeuronsCA3",0,"Up"
"203","Shared","Cwc22","24hrvs1hr_SAL",229,5.66032402366414e-09,0.721844033916691,0.515,0.341,0.000937196829570143,"chr2-77897231-77898068","ExcitatoryNeuronsMatureDG",0,"Up"
"204","CA1_DG","Gm21860","24hrvs1hr_SAL",51,1.93156029956761e-08,-0.774260751732504,0.17,0.263,0.00319814233480308,"chrY-90739630-90740700","ExcitatoryNeuronsCA1",11726,"Down"
"205","CA1_DG","Gm21860","24hrvs1hr_SAL",231,1.03278095091554e-07,-1.78837475980524,0.041,0.13,0.0171000640385939,"chrY-90738881-90739581","ExcitatoryNeuronsMatureDG",12845,"Down"
"206","DG","Gm33838","24hrvs1hr_SAL",228,6.68990869597389e-10,-0.73869802111711,0.354,0.508,0.000110766825251849,"chr9-35304951-35305862","ExcitatoryNeuronsMatureDG",0,"Down"
"207","DG","Gm10800","24hrvs1hr_SAL",230,6.12196158103829e-09,-0.46634578808506,0.646,0.698,0.00101363154485725,"chr2-98666640-98667361","ExcitatoryNeuronsMatureDG",0,"Down"
"208","DG","Usp22","24hrvs1hr_SAL",232,2.34485778256681e-07,0.859981672009845,0.352,0.201,0.0388245137632935,"chr11-61174765-61175652","ExcitatoryNeuronsMatureDG",0,"Up"
"209","CA1_CA3","Gm15726","24hrvs1hr_SAL",43,2.84148667952089e-20,-1.71410439187991,0.07,0.21,4.70473473988313e-15,"chrX-169978836-169979679","ExcitatoryNeuronsCA1",0,"Down"
"210","CA1_CA3","Gm15726","24hrvs1hr_SAL",125,4.66940593571208e-09,-1.56942022388799,0.075,0.196,0.000773127548993656,"chrX-169978836-169979679","ExcitatoryNeuronsCA3",0,"Down"
"211","CA1_CA3","Asap2","24hrvs1hr_SAL",44,1.00150921999832e-14,-2.22249701470812,0.025,0.112,1.65822886082781e-09,"chr12-20920695-20921571","ExcitatoryNeuronsCA1",68887,"Down"
"212","CA1_CA3","Asap2","24hrvs1hr_SAL",123,4.19941930450418e-10,-2.453917087419,0.026,0.132,6.95310452504671e-05,"chr12-20920695-20921571","ExcitatoryNeuronsCA3",68887,"Down"
"213","CA1_CA3","Gm36264","24hrvs1hr_SAL",45,1.18330757410534e-12,0.508526628688531,0.623,0.467,1.95923784967344e-07,"chr13-9011377-9012251","ExcitatoryNeuronsCA1",0,"Up"
"214","CA1_CA3","Gm36264","24hrvs1hr_SAL",133,2.2445178431549e-07,0.533328386480471,0.614,0.479,0.0371631552844686,"chr13-9011377-9012251","ExcitatoryNeuronsCA3",0,"Up"
"215","CA1_CA3","Tmem267","24hrvs1hr_SAL",46,5.3116202858972e-11,-1.32864886323547,0.068,0.16,8.79460905596857e-06,"chr13-119601268-119602007","ExcitatoryNeuronsCA1",0,"Down"
"216","CA1_CA3","Tmem267","24hrvs1hr_SAL",122,1.41678229063342e-11,-1.96686952191641,0.056,0.194,2.34580894207048e-06,"chr13-119601268-119602007","ExcitatoryNeuronsCA3",0,"Down"
"217","CA1_CA3","Gm26917","24hrvs1hr_SAL",53,3.65177909756489e-08,0.260592421358861,0.856,0.773,0.00604636020521111,"chr17-39842868-39843778","ExcitatoryNeuronsCA1",0,"Up"
"218","CA1_CA3","Gm26917","24hrvs1hr_SAL",126,9.16683581222815e-09,0.446173170851712,0.852,0.723,0.00151778050593805,"chr17-39845560-39846509","ExcitatoryNeuronsCA3",0,"Up"
"219","CA1_CA3","Gm26917","24hrvs1hr_SAL",131,1.59834371683471e-07,0.416482939769621,0.8,0.687,0.0264642564227473,"chr17-39842868-39843778","ExcitatoryNeuronsCA3",0,"Up"
"220","CA3","1700023F02Rik","24hrvs1hr_SAL",127,1.57600083017049e-08,1.72241955901394,0.165,0.05,0.00260943185453818,"chr10-66369693-66370744","ExcitatoryNeuronsCA3",115469,"Up"
"221","CA3","Hmgcs1","24hrvs1hr_SAL",128,2.30788464962339e-08,0.721284139682623,0.508,0.327,0.00382123385092094,"chr13-119689848-119690734","ExcitatoryNeuronsCA3",0,"Up"
"222","CA3","4930440I19Rik","24hrvs1hr_SAL",129,4.05311878568272e-08,0.456343605827318,0.704,0.585,0.00671087036701845,"chr2-78003922-78004922","ExcitatoryNeuronsCA3",46254,"Up"
"223","CA3","AY036118","24hrvs1hr_SAL",130,9.82028094510115e-08,0.466422906727156,0.776,0.635,0.0162597337692323,"chr17-39848011-39848946","ExcitatoryNeuronsCA3",0,"Up"
"224","CA3","Neo1","24hrvs1hr_SAL",132,2.17018997570079e-07,0.742217986953331,0.428,0.265,0.0359324864846707,"chr9-59036086-59037005","ExcitatoryNeuronsCA3",0,"Up"
"225","CA1","Poc5","24hrvs1hr_SAL",47,7.60520754360326e-11,1.45152084849395,0.144,0.053,1.25921702861702e-05,"chr13-96405227-96406196","ExcitatoryNeuronsCA1",0,"Up"
"226","CA1","Gm47283","24hrvs1hr_SAL",48,8.49992428266393e-10,-0.79222206158234,0.195,0.289,0.000140735796325351,"chrY-90808457-90809298","ExcitatoryNeuronsCA1",0,"Down"
"227","CA1","Gm13807","24hrvs1hr_SAL",49,1.05919168506116e-09,1.73279884170277,0.101,0.029,0.000175373544870632,"chr2-93399619-93400621","ExcitatoryNeuronsCA1",2925,"Up"
"228","CA1","2700054A10Rik","24hrvs1hr_SAL",50,2.901226149082e-09,-2.88082473071932,0.007,0.05,0.000480364717181953,"chr17-13481297-13482153","ExcitatoryNeuronsCA1",399,"Down"
"229","CA1","Ssx2ip","24hrvs1hr_SAL",52,1.95549448306689e-08,1.32332579124455,0.124,0.049,0.00323777088044834,"chr3-146412782-146413632","ExcitatoryNeuronsCA1",0,"Up"
"230","CA1","Nphp3","24hrvs1hr_SAL",54,3.73060136913423e-08,0.458541479581795,0.513,0.395,0.00617686860491662,"chr9-104002035-104003070","ExcitatoryNeuronsCA1",0,"Up"
"231","CA1","Prps1l1","24hrvs1hr_SAL",56,7.75917071367017e-08,1.62280745556711,0.087,0.027,0.0128470917257451,"chr12-35015774-35016694","ExcitatoryNeuronsCA1",29337,"Up"
"232","CA1","Ppm1l","24hrvs1hr_SAL",57,9.60005418853856e-08,1.01405970924361,0.168,0.079,0.0158950977215889,"chr3-69494231-69495034","ExcitatoryNeuronsCA1",0,"Up"
"233","CA1","Vamp5","24hrvs1hr_SAL",58,1.18518095939076e-07,-1.06142487442717,0.076,0.15,0.0196233966989207,"chr6-72370847-72371781","ExcitatoryNeuronsCA1",0,"Down"
"234","CA1","Scn3b","24hrvs1hr_SAL",59,1.2311087932699e-07,0.617563975076211,0.343,0.217,0.0203838376228078,"chr9-40268801-40269719","ExcitatoryNeuronsCA1",0,"Up"
"235","CA1","Rad23b","24hrvs1hr_SAL",60,1.61625985615355e-07,0.410899107646167,0.555,0.424,0.0267608993162912,"chr4-55349433-55350337","ExcitatoryNeuronsCA1",0,"Up"
"236","CA1","Map4","24hrvs1hr_SAL",61,1.73248888013882e-07,0.484567047635736,0.459,0.327,0.0286853381351225,"chr9-109931189-109932112","ExcitatoryNeuronsCA1",0,"Up"
"237","CA1","Dynlt1b","24hrvs1hr_SAL",62,1.84979292010964e-07,0.98468559716809,0.17,0.083,0.0306275763161313,"chr17-6429681-6430598","ExcitatoryNeuronsCA1",0,"Up"
"238","CA1","5730507C01Rik","24hrvs1hr_SAL",63,2.05687209205979e-07,-1.70751275447928,0.024,0.072,0.0340562482898616,"chr12-18609649-18610526","ExcitatoryNeuronsCA1",74394,"Down"
"239","CA1","Arhgap17","24hrvs1hr_SAL",64,2.24559153807013e-07,1.22311647640846,0.12,0.051,0.0371809327732886,"chr7-123285838-123286627","ExcitatoryNeuronsCA1",0,"Up"
