"","p_val","avg_log2FC","pct.1","pct.2","p_val_adj","gene","cell_type","comparison","Regulation"
"Cwc22",1.31749966782059e-12,1.23192983848042,0.71,0.505,3.29994141799023e-08,"Cwc22","OPCs","PTZvsSAL_1hr","Up"
"Malat1",1.12609497810374e-09,-0.287108864370891,1,1,2.82053009165644e-05,"Malat1","OPCs","PTZvsSAL_1hr","Down"
"Gm2164",1.56137830800836e-05,1.02936955977943,0.307,0.13,0.391078424806855,"Gm2164","OPCs","PTZvsSAL_1hr","Up"
"Plppr1",4.45886137913904e-05,-0.398100878655579,0.657,0.776,1,"Plppr1","OPCs","PTZvsSAL_1hr","Down"
"Ptprz1",5.25509400959571e-05,0.280781356452658,0.995,0.974,1,"Ptprz1","OPCs","PTZvsSAL_1hr","Up"
"Scn8a",0.000130138460663636,0.739843398324479,0.299,0.146,1,"Scn8a","OPCs","PTZvsSAL_1hr","Up"
"Vcan",0.000238803292036628,0.798143997992476,0.623,0.453,1,"Vcan","OPCs","PTZvsSAL_1hr","Up"
"Gnas",0.000272101762565789,0.721251155978439,0.258,0.115,1,"Gnas","OPCs","PTZvsSAL_1hr","Up"
"Ubr1",0.000275699654926024,0.731270102433533,0.294,0.146,1,"Ubr1","OPCs","PTZvsSAL_1hr","Up"
"Lamc1",0.000463512116921103,0.913304800734269,0.282,0.146,1,"Lamc1","OPCs","PTZvsSAL_1hr","Up"
"Sema6d",0.000513561458552121,-0.302904194555735,0.905,0.932,1,"Sema6d","OPCs","PTZvsSAL_1hr","Down"
"Adamts6",0.000574958609516328,0.683198290414716,0.455,0.302,1,"Adamts6","OPCs","PTZvsSAL_1hr","Up"
"Peli1",0.000741481462622902,0.757012087608854,0.401,0.271,1,"Peli1","OPCs","PTZvsSAL_1hr","Up"
"Gpcpd1",0.000772907877392771,0.634065455032137,0.377,0.224,1,"Gpcpd1","OPCs","PTZvsSAL_1hr","Up"
"Pcsk2",0.000858911317099048,0.621483365844001,0.277,0.146,1,"Pcsk2","OPCs","PTZvsSAL_1hr","Up"
"Zswim6",0.000919003734073686,0.663972153991195,0.479,0.323,1,"Zswim6","OPCs","PTZvsSAL_1hr","Up"
"Bcan",0.00108728892222353,0.357213417700793,0.766,0.677,1,"Bcan","OPCs","PTZvsSAL_1hr","Up"
"Il1rapl1",0.00124065883883704,0.221352552456126,0.993,0.984,1,"Il1rapl1","OPCs","PTZvsSAL_1hr","Up"
"Gpc6",0.00136617934665032,-0.352191732015351,0.771,0.828,1,"Gpc6","OPCs","PTZvsSAL_1hr","Down"
"Itgav",0.00137099870013107,0.442882186553874,0.44,0.276,1,"Itgav","OPCs","PTZvsSAL_1hr","Up"
"Zfp521",0.00138611802295304,0.625200909051238,0.326,0.188,1,"Zfp521","OPCs","PTZvsSAL_1hr","Up"
"Dock9",0.00139736487845774,0.539278059406598,0.504,0.339,1,"Dock9","OPCs","PTZvsSAL_1hr","Up"
"Hsp90b1",0.00146406671633594,0.684642641345345,0.304,0.177,1,"Hsp90b1","OPCs","PTZvsSAL_1hr","Up"
"Sgk1",0.00149945329638886,0.566913031162241,0.314,0.172,1,"Sgk1","OPCs","PTZvsSAL_1hr","Up"
"Tnr",0.00165317354949338,0.414805925399635,0.9,0.885,1,"Tnr","OPCs","PTZvsSAL_1hr","Up"
"Luc7l2",0.00182923172342941,0.426511376186109,0.606,0.438,1,"Luc7l2","OPCs","PTZvsSAL_1hr","Up"
"Nrxn2",0.00191659386306176,0.493034188239454,0.494,0.323,1,"Nrxn2","OPCs","PTZvsSAL_1hr","Up"
"Tmem178b",0.00195050220630509,0.456210774110035,0.56,0.391,1,"Tmem178b","OPCs","PTZvsSAL_1hr","Up"
"Nav1",0.00211758872529888,0.475992112040154,0.411,0.26,1,"Nav1","OPCs","PTZvsSAL_1hr","Up"
"Inpp4b",0.00242248776388882,-0.738160531363009,0.324,0.411,1,"Inpp4b","OPCs","PTZvsSAL_1hr","Down"
"C1ql1",0.00249297320241834,0.52179296819892,0.336,0.203,1,"C1ql1","OPCs","PTZvsSAL_1hr","Up"
"Olig1",0.00263482507320849,0.734566213055604,0.28,0.161,1,"Olig1","OPCs","PTZvsSAL_1hr","Up"
"Rab28",0.00270849216894045,0.437248770728921,0.353,0.208,1,"Rab28","OPCs","PTZvsSAL_1hr","Up"
"Scd2",0.00290732740530431,0.489831060234252,0.479,0.328,1,"Scd2","OPCs","PTZvsSAL_1hr","Up"
"Bcas1",0.00300994625767874,0.605347745063613,0.358,0.224,1,"Bcas1","OPCs","PTZvsSAL_1hr","Up"
"Dhx15",0.00331607913433035,0.424911260150765,0.319,0.188,1,"Dhx15","OPCs","PTZvsSAL_1hr","Up"
"Fhit",0.00341308380653301,0.524837621561245,0.538,0.396,1,"Fhit","OPCs","PTZvsSAL_1hr","Up"
"AY036118",0.0034856908314539,-0.509536632596054,0.543,0.599,1,"AY036118","OPCs","PTZvsSAL_1hr","Down"
"Pspc1",0.00360374311748389,0.618186084510579,0.287,0.167,1,"Pspc1","OPCs","PTZvsSAL_1hr","Up"
"Ttc14",0.00370991985840482,0.510342522736074,0.372,0.229,1,"Ttc14","OPCs","PTZvsSAL_1hr","Up"
"Gtdc1",0.00448950606804543,0.36434779668058,0.37,0.24,1,"Gtdc1","OPCs","PTZvsSAL_1hr","Up"
"Acap3",0.00475696416402502,0.628979497772505,0.273,0.156,1,"Acap3","OPCs","PTZvsSAL_1hr","Up"
"Luzp2",0.00480202639447826,-0.312685403143128,0.898,0.953,1,"Luzp2","OPCs","PTZvsSAL_1hr","Down"
"Hsp90ab1",0.00483012691927697,-0.790735428974956,0.192,0.276,1,"Hsp90ab1","OPCs","PTZvsSAL_1hr","Down"
"Glce",0.00490655512505152,-0.834171399097853,0.217,0.297,1,"Glce","OPCs","PTZvsSAL_1hr","Down"
"Chl1",0.00508473427465606,0.377056108854086,0.586,0.443,1,"Chl1","OPCs","PTZvsSAL_1hr","Up"
"Setd5",0.00516890902846225,0.384498995323141,0.613,0.464,1,"Setd5","OPCs","PTZvsSAL_1hr","Up"
"Trio",0.00537566818807999,0.401660175856808,0.633,0.505,1,"Trio","OPCs","PTZvsSAL_1hr","Up"
"Notch1",0.00582701262692042,0.539581595988656,0.268,0.156,1,"Notch1","OPCs","PTZvsSAL_1hr","Up"
"Abhd17b",0.00587365800823107,0.7034419914547,0.268,0.161,1,"Abhd17b","OPCs","PTZvsSAL_1hr","Up"
"Ppp3cb",0.0059080940457445,0.461504546023074,0.392,0.255,1,"Ppp3cb","OPCs","PTZvsSAL_1hr","Up"
"Cspg5",0.00593391740876602,0.304598001407506,0.771,0.656,1,"Cspg5","OPCs","PTZvsSAL_1hr","Up"
"Tmem63b",0.00605696270039761,0.687242940277614,0.253,0.151,1,"Tmem63b","OPCs","PTZvsSAL_1hr","Up"
"Nova1",0.00621490771516718,-0.284393027801841,0.779,0.833,1,"Nova1","OPCs","PTZvsSAL_1hr","Down"
"Cplane1",0.00629551968845113,-0.787465621393811,0.263,0.349,1,"Cplane1","OPCs","PTZvsSAL_1hr","Down"
"4932438A13Rik",0.00669502384074249,0.330080834778182,0.448,0.297,1,"4932438A13Rik","OPCs","PTZvsSAL_1hr","Up"
"Ccser1",0.00700533835141796,-0.337859740521749,0.813,0.854,1,"Ccser1","OPCs","PTZvsSAL_1hr","Down"
"Srrm1",0.00732878551384551,0.4219517743238,0.338,0.214,1,"Srrm1","OPCs","PTZvsSAL_1hr","Up"
"Mtmr3",0.00776845910208099,0.545823343557281,0.319,0.203,1,"Mtmr3","OPCs","PTZvsSAL_1hr","Up"
"Cyp7b1",0.00816395360536853,0.53845438555582,0.275,0.167,1,"Cyp7b1","OPCs","PTZvsSAL_1hr","Up"
"Cstf3",0.0082490252536672,0.156511527016597,0.268,0.151,1,"Cstf3","OPCs","PTZvsSAL_1hr","Up"
"Braf",0.00859798506806769,0.384694184321483,0.399,0.26,1,"Braf","OPCs","PTZvsSAL_1hr","Up"
"Gm47283",0.00861911323834099,-0.699914415977085,0.392,0.448,1,"Gm47283","OPCs","PTZvsSAL_1hr","Down"
"Hnrnph1",0.00872396846812244,0.319729239105702,0.511,0.365,1,"Hnrnph1","OPCs","PTZvsSAL_1hr","Up"
"Rere",0.00910574761867551,-0.301065696299569,0.655,0.703,1,"Rere","OPCs","PTZvsSAL_1hr","Down"
"Cdr1os",0.0091583581935283,0.382687103227141,0.353,0.229,1,"Cdr1os","OPCs","PTZvsSAL_1hr","Up"
"Dennd1a",0.00929327311779215,-0.440281722327842,0.501,0.578,1,"Dennd1a","OPCs","PTZvsSAL_1hr","Down"
"Mmp15",0.0100992632465049,0.391851736084413,0.465,0.328,1,"Mmp15","OPCs","PTZvsSAL_1hr","Up"
"Mmp16",0.0101899873488039,0.218939041977379,0.925,0.896,1,"Mmp16","OPCs","PTZvsSAL_1hr","Up"
"Kmt2e",0.0102106159138785,0.403792380094942,0.345,0.224,1,"Kmt2e","OPCs","PTZvsSAL_1hr","Up"
"Dclk1",0.0102251444354552,0.468333162654385,0.338,0.224,1,"Dclk1","OPCs","PTZvsSAL_1hr","Up"
"Ahi1",0.010289106267955,0.254848419674837,0.343,0.214,1,"Ahi1","OPCs","PTZvsSAL_1hr","Up"
"Ttyh1",0.0103541494553431,-0.770205959838815,0.175,0.255,1,"Ttyh1","OPCs","PTZvsSAL_1hr","Down"
"Paxbp1",0.0105215621502051,0.537950441352514,0.28,0.172,1,"Paxbp1","OPCs","PTZvsSAL_1hr","Up"
"Ppp3ca",0.0110312078859528,0.333012293330901,0.616,0.484,1,"Ppp3ca","OPCs","PTZvsSAL_1hr","Up"
"Chsy3",0.0120288914556816,0.381717305244922,0.275,0.172,1,"Chsy3","OPCs","PTZvsSAL_1hr","Up"
"Nptn",0.0121316808623561,0.413351280014952,0.285,0.172,1,"Nptn","OPCs","PTZvsSAL_1hr","Up"
"Kdm6a",0.0121745946093456,0.345755640801621,0.28,0.172,1,"Kdm6a","OPCs","PTZvsSAL_1hr","Up"
"Chd4",0.0122051793970386,0.507320678667733,0.28,0.177,1,"Chd4","OPCs","PTZvsSAL_1hr","Up"
"Smyd3",0.0122407212496612,0.26646274391965,0.418,0.292,1,"Smyd3","OPCs","PTZvsSAL_1hr","Up"
"Arhgap31",0.0124121740341242,0.2510878310603,0.569,0.432,1,"Arhgap31","OPCs","PTZvsSAL_1hr","Up"
"Slc22a17",0.0126798300485401,0.369756758009693,0.518,0.375,1,"Slc22a17","OPCs","PTZvsSAL_1hr","Up"
"Pde4d",0.0132904947778033,-0.207264585865298,0.839,0.854,1,"Pde4d","OPCs","PTZvsSAL_1hr","Down"
"Fubp1",0.0137085040875505,-0.539441538967128,0.423,0.479,1,"Fubp1","OPCs","PTZvsSAL_1hr","Down"
"Itfg1",0.013871819129739,0.130778459775349,0.302,0.188,1,"Itfg1","OPCs","PTZvsSAL_1hr","Up"
"Gpc5",0.0146020728656913,0.183533440378168,0.932,0.958,1,"Gpc5","OPCs","PTZvsSAL_1hr","Up"
"Cyld",0.0155089419025139,0.663456908017658,0.255,0.167,1,"Cyld","OPCs","PTZvsSAL_1hr","Up"
"Arid4b",0.0162961140646709,0.495822584379485,0.294,0.193,1,"Arid4b","OPCs","PTZvsSAL_1hr","Up"
"Itm2b",0.0166696293872988,0.486181786426256,0.321,0.219,1,"Itm2b","OPCs","PTZvsSAL_1hr","Up"
"Diaph2",0.0174531682802366,0.313336500781276,0.516,0.37,1,"Diaph2","OPCs","PTZvsSAL_1hr","Up"
"Pcmtd2",0.0180592745597779,0.205182751733444,0.642,0.526,1,"Pcmtd2","OPCs","PTZvsSAL_1hr","Up"
"Atp11b",0.0180944106122039,0.518305506015355,0.297,0.198,1,"Atp11b","OPCs","PTZvsSAL_1hr","Up"
"Rsrc2",0.0182958373998956,0.260766740595391,0.265,0.161,1,"Rsrc2","OPCs","PTZvsSAL_1hr","Up"
"Rasa1",0.0184123275933839,0.466445119583366,0.321,0.219,1,"Rasa1","OPCs","PTZvsSAL_1hr","Up"
"Ints6l",0.0184561761853919,0.489875842581374,0.258,0.161,1,"Ints6l","OPCs","PTZvsSAL_1hr","Up"
"Apc",0.0185313531533001,-0.540014871786614,0.401,0.469,1,"Apc","OPCs","PTZvsSAL_1hr","Down"
"Ube2e2",0.018609521413384,-0.342725147619456,0.526,0.583,1,"Ube2e2","OPCs","PTZvsSAL_1hr","Down"
"Sltm",0.0193933834034914,0.465779491401077,0.251,0.151,1,"Sltm","OPCs","PTZvsSAL_1hr","Up"
"Gtf2i",0.0194041125782089,0.499497771550907,0.333,0.229,1,"Gtf2i","OPCs","PTZvsSAL_1hr","Up"
"Kcnd3",0.019565121861068,0.351340378444982,0.421,0.297,1,"Kcnd3","OPCs","PTZvsSAL_1hr","Up"
"Cd9",0.0201251883131354,0.478283368836262,0.277,0.177,1,"Cd9","OPCs","PTZvsSAL_1hr","Up"
"Spag9",0.02019695038835,0.283693972625881,0.589,0.453,1,"Spag9","OPCs","PTZvsSAL_1hr","Up"
"Usp24",0.0205942307235558,0.181416417289975,0.893,0.812,1,"Usp24","OPCs","PTZvsSAL_1hr","Up"
"Chd8",0.0214573586465538,0.431548592593598,0.275,0.177,1,"Chd8","OPCs","PTZvsSAL_1hr","Up"
"Sbf2",0.0215297200342559,0.411795607603898,0.526,0.417,1,"Sbf2","OPCs","PTZvsSAL_1hr","Up"
"Arfgef1",0.0218753590080243,0.457024915450368,0.304,0.203,1,"Arfgef1","OPCs","PTZvsSAL_1hr","Up"
"Grik1",0.0222236506674155,-0.371495890780236,0.506,0.568,1,"Grik1","OPCs","PTZvsSAL_1hr","Down"
"Kcnip3",0.022905388157095,0.575496586869736,0.277,0.193,1,"Kcnip3","OPCs","PTZvsSAL_1hr","Up"
"March1",0.0233854722345481,0.192845303638306,0.915,0.849,1,"March1","OPCs","PTZvsSAL_1hr","Up"
"Dtna",0.0233959187853506,0.143192268764673,0.36,0.234,1,"Dtna","OPCs","PTZvsSAL_1hr","Up"
"Nebl",0.0236668397093033,0.560203559672749,0.324,0.234,1,"Nebl","OPCs","PTZvsSAL_1hr","Up"
"Plpp3",0.0237764503554504,0.496259598115011,0.29,0.198,1,"Plpp3","OPCs","PTZvsSAL_1hr","Up"
"Oxr1",0.0238874924177577,0.31041095776308,0.38,0.255,1,"Oxr1","OPCs","PTZvsSAL_1hr","Up"
"Srpk2",0.0240277034843362,0.3981290029853,0.309,0.208,1,"Srpk2","OPCs","PTZvsSAL_1hr","Up"
"Cspg4",0.0240591768785761,0.266827830439856,0.579,0.458,1,"Cspg4","OPCs","PTZvsSAL_1hr","Up"
"Smg1",0.0244527576757935,0.435844206752275,0.353,0.25,1,"Smg1","OPCs","PTZvsSAL_1hr","Up"
"Add1",0.0244871990173818,0.45563921783693,0.255,0.161,1,"Add1","OPCs","PTZvsSAL_1hr","Up"
"Grid2",0.0252128847618691,-0.179371348319386,0.99,1,1,"Grid2","OPCs","PTZvsSAL_1hr","Down"
"Pola1",0.0252333212680573,-0.522213633767564,0.26,0.339,1,"Pola1","OPCs","PTZvsSAL_1hr","Down"
"Apba2",0.0255499061307577,0.41381781597955,0.277,0.177,1,"Apba2","OPCs","PTZvsSAL_1hr","Up"
"Rapgef2",0.0256375327858897,0.539781636172976,0.282,0.193,1,"Rapgef2","OPCs","PTZvsSAL_1hr","Up"
"Alcam",0.0258317707305009,-0.37223156218072,0.679,0.688,1,"Alcam","OPCs","PTZvsSAL_1hr","Down"
"Ubr5",0.0266377054287953,0.271406948705093,0.384,0.271,1,"Ubr5","OPCs","PTZvsSAL_1hr","Up"
"Ankrd12",0.0267858706038841,0.399805314351281,0.26,0.167,1,"Ankrd12","OPCs","PTZvsSAL_1hr","Up"
"Gatad2b",0.0269135111397133,0.378314490857135,0.268,0.172,1,"Gatad2b","OPCs","PTZvsSAL_1hr","Up"
"Tnrc6c",0.0271179641806636,0.328200656884141,0.324,0.214,1,"Tnrc6c","OPCs","PTZvsSAL_1hr","Up"
"Kdm4c",0.027265133210572,0.329006361265014,0.333,0.229,1,"Kdm4c","OPCs","PTZvsSAL_1hr","Up"
"Sipa1l1",0.0274161823030016,0.350655524495199,0.341,0.24,1,"Sipa1l1","OPCs","PTZvsSAL_1hr","Up"
"Celf2",0.0275752929523902,-0.178885051073801,0.776,0.807,1,"Celf2","OPCs","PTZvsSAL_1hr","Down"
"Wdr17",0.0276198605043551,-0.985363272289604,0.2,0.26,1,"Wdr17","OPCs","PTZvsSAL_1hr","Down"
"Arsb",0.0276559689547419,0.301469534463376,0.282,0.182,1,"Arsb","OPCs","PTZvsSAL_1hr","Up"
"Abi2",0.0282413478536728,0.449063789155881,0.282,0.193,1,"Abi2","OPCs","PTZvsSAL_1hr","Up"
"Fry",0.0294009494688201,0.313950596771636,0.64,0.526,1,"Fry","OPCs","PTZvsSAL_1hr","Up"
"Adk",0.0295113290581288,0.246105372029877,0.251,0.161,1,"Adk","OPCs","PTZvsSAL_1hr","Up"
"Glcci1",0.029526242447047,0.404996946343172,0.311,0.214,1,"Glcci1","OPCs","PTZvsSAL_1hr","Up"
"Usp32",0.0297316093848877,0.408035350675691,0.341,0.24,1,"Usp32","OPCs","PTZvsSAL_1hr","Up"
"Chst11",0.0297888565596757,0.238428812773305,0.637,0.531,1,"Chst11","OPCs","PTZvsSAL_1hr","Up"
"Tnpo1",0.0298465600347774,0.39795931626966,0.535,0.438,1,"Tnpo1","OPCs","PTZvsSAL_1hr","Up"
"Sptan1",0.0298814922951231,0.515983518907274,0.423,0.318,1,"Sptan1","OPCs","PTZvsSAL_1hr","Up"
"Slc6a1",0.030318722837504,0.223833035171494,0.375,0.266,1,"Slc6a1","OPCs","PTZvsSAL_1hr","Up"
"Rgs7",0.0308883344638972,-0.368900470636933,0.577,0.615,1,"Rgs7","OPCs","PTZvsSAL_1hr","Down"
"Sulf2",0.0309540271242354,0.289666343670453,0.543,0.422,1,"Sulf2","OPCs","PTZvsSAL_1hr","Up"
"Kmt2c",0.031617469693936,0.257812335809385,0.601,0.474,1,"Kmt2c","OPCs","PTZvsSAL_1hr","Up"
"Phldb1",0.0316787349793335,0.283471964496371,0.355,0.245,1,"Phldb1","OPCs","PTZvsSAL_1hr","Up"
"Cdkal1",0.0319558584353478,0.300039342182808,0.292,0.198,1,"Cdkal1","OPCs","PTZvsSAL_1hr","Up"
"Sox6",0.0326937415772255,-0.1156075970875,0.966,0.953,1,"Sox6","OPCs","PTZvsSAL_1hr","Down"
"Atp2b1",0.0329728546336968,0.495286224042387,0.326,0.234,1,"Atp2b1","OPCs","PTZvsSAL_1hr","Up"
"Cdh11",0.0330277901381012,-0.539384016394006,0.248,0.312,1,"Cdh11","OPCs","PTZvsSAL_1hr","Down"
"Cdkl5",0.0331281449636026,0.43329057406333,0.338,0.24,1,"Cdkl5","OPCs","PTZvsSAL_1hr","Up"
"Sema3d",0.0334312691994486,0.395365068723191,0.375,0.281,1,"Sema3d","OPCs","PTZvsSAL_1hr","Up"
"Gabrb1",0.0334869626998668,0.323332920038297,0.324,0.229,1,"Gabrb1","OPCs","PTZvsSAL_1hr","Up"
"Csnk1a1",0.0337625744336084,0.354160829142762,0.294,0.208,1,"Csnk1a1","OPCs","PTZvsSAL_1hr","Up"
"Fchsd2",0.0339555274379119,-0.291471141987679,0.754,0.781,1,"Fchsd2","OPCs","PTZvsSAL_1hr","Down"
"Atp6v0b",0.0343700913693559,0.293182576380968,0.331,0.229,1,"Atp6v0b","OPCs","PTZvsSAL_1hr","Up"
"Zcchc24",0.0350984414575051,0.293582768337477,0.38,0.266,1,"Zcchc24","OPCs","PTZvsSAL_1hr","Up"
"Calr",0.0353323696228736,0.247815847244837,0.297,0.203,1,"Calr","OPCs","PTZvsSAL_1hr","Up"
"Dcc",0.0354688134127667,-0.160246087038587,0.966,0.948,1,"Dcc","OPCs","PTZvsSAL_1hr","Down"
"Nalcn",0.0362044978195442,0.239555185487222,0.533,0.391,1,"Nalcn","OPCs","PTZvsSAL_1hr","Up"
"Sgcz",0.0366374630085576,-0.186127796537898,0.873,0.922,1,"Sgcz","OPCs","PTZvsSAL_1hr","Down"
"Mat2a",0.037168894368637,0.455784779661485,0.268,0.182,1,"Mat2a","OPCs","PTZvsSAL_1hr","Up"
"Mast4",0.0375608989011906,0.365207435438998,0.27,0.182,1,"Mast4","OPCs","PTZvsSAL_1hr","Up"
"Rbm25",0.0376652905358597,0.18910384963024,0.577,0.448,1,"Rbm25","OPCs","PTZvsSAL_1hr","Up"
"Kansl1",0.0381505568954006,0.253778851921574,0.465,0.365,1,"Kansl1","OPCs","PTZvsSAL_1hr","Up"
"Pid1",0.0381632808192786,-0.302120824252842,0.676,0.708,1,"Pid1","OPCs","PTZvsSAL_1hr","Down"
"Cfap20",0.0386156934337189,0.454962634921646,0.285,0.193,1,"Cfap20","OPCs","PTZvsSAL_1hr","Up"
"Ewsr1",0.0406825769438178,0.275704351638743,0.348,0.255,1,"Ewsr1","OPCs","PTZvsSAL_1hr","Up"
"Rabep1",0.0409027338771272,0.262577217197401,0.277,0.188,1,"Rabep1","OPCs","PTZvsSAL_1hr","Up"
"Ugt8a",0.0413178132113328,0.575318232142636,0.28,0.198,1,"Ugt8a","OPCs","PTZvsSAL_1hr","Up"
"Abhd12",0.0417263364640348,0.324339582703888,0.268,0.177,1,"Abhd12","OPCs","PTZvsSAL_1hr","Up"
"Ndfip1",0.0417868118530856,0.48492594569064,0.345,0.255,1,"Ndfip1","OPCs","PTZvsSAL_1hr","Up"
"Tcf4",0.0420757860467433,-0.190808739777362,0.929,0.927,1,"Tcf4","OPCs","PTZvsSAL_1hr","Down"
"Pja2",0.0432861635044191,0.382786518688462,0.253,0.172,1,"Pja2","OPCs","PTZvsSAL_1hr","Up"
"Celf1",0.0439721369129535,0.358788467083638,0.35,0.245,1,"Celf1","OPCs","PTZvsSAL_1hr","Up"
"Ppp1r9a",0.0445931106906006,0.235563093571833,0.428,0.318,1,"Ppp1r9a","OPCs","PTZvsSAL_1hr","Up"
"Otud7b",0.044616639519007,0.388845206702642,0.26,0.172,1,"Otud7b","OPCs","PTZvsSAL_1hr","Up"
"Adgrl1",0.0449322736275683,-0.572866697553986,0.294,0.339,1,"Adgrl1","OPCs","PTZvsSAL_1hr","Down"
"Tmem132b",0.0452032331085539,0.300096720315808,0.382,0.292,1,"Tmem132b","OPCs","PTZvsSAL_1hr","Up"
"Ankrd17",0.0452228981552254,-0.206564040281082,0.428,0.49,1,"Ankrd17","OPCs","PTZvsSAL_1hr","Down"
"Rtn1",0.0452989946988143,0.343917647825553,0.411,0.302,1,"Rtn1","OPCs","PTZvsSAL_1hr","Up"
"Pknox2",0.0457268649327726,0.333459827263882,0.277,0.188,1,"Pknox2","OPCs","PTZvsSAL_1hr","Up"
"Gfra1",0.0462661438933262,0.32962039815953,0.319,0.219,1,"Gfra1","OPCs","PTZvsSAL_1hr","Up"
"Gpr37l1",0.0464975499272552,0.49310608143821,0.253,0.177,1,"Gpr37l1","OPCs","PTZvsSAL_1hr","Up"
"Fabp7",0.0469268610401892,-0.603627645571733,0.202,0.266,1,"Fabp7","OPCs","PTZvsSAL_1hr","Down"
"Ncald",0.047054513216482,-0.267750552958101,0.62,0.661,1,"Ncald","OPCs","PTZvsSAL_1hr","Down"
"Large1",0.0472440293918083,0.294734668900587,0.562,0.458,1,"Large1","OPCs","PTZvsSAL_1hr","Up"
"Lnx1",0.0473274289114987,0.287440679779272,0.377,0.276,1,"Lnx1","OPCs","PTZvsSAL_1hr","Up"
"Mcu",0.0481589979249203,0.356845951227142,0.275,0.188,1,"Mcu","OPCs","PTZvsSAL_1hr","Up"
"Lrp1b",0.0489325374869118,-0.139117314990203,0.99,1,1,"Lrp1b","OPCs","PTZvsSAL_1hr","Down"
"Psd3",0.0494775074057738,0.240348098222248,0.467,0.349,1,"Psd3","OPCs","PTZvsSAL_1hr","Up"
"Apoe",0.0500509935653305,0.548614319787266,0.372,0.297,1,"Apoe","OPCs","PTZvsSAL_1hr","Up"
"Magi1",0.0501879436172951,0.206730854648723,0.779,0.661,1,"Magi1","OPCs","PTZvsSAL_1hr","Up"
"Huwe1",0.051238700631474,0.124266456979357,0.616,0.505,1,"Huwe1","OPCs","PTZvsSAL_1hr","Up"
"Prkg1",0.0521168242591485,0.250645114895889,0.813,0.771,1,"Prkg1","OPCs","PTZvsSAL_1hr","Up"
"Leng8",0.0524492547235651,-0.797744311110086,0.27,0.312,1,"Leng8","OPCs","PTZvsSAL_1hr","Down"
"Crppa",0.0525031953431628,-0.447319548491534,0.197,0.255,1,"Crppa","OPCs","PTZvsSAL_1hr","Down"
"Cadps",0.0529975220778946,-0.330069327047654,0.44,0.5,1,"Cadps","OPCs","PTZvsSAL_1hr","Down"
"Rab31",0.0539904035096088,0.405847489711285,0.297,0.214,1,"Rab31","OPCs","PTZvsSAL_1hr","Up"
"Ecpas",0.0547579295008045,-0.409659309141879,0.365,0.417,1,"Ecpas","OPCs","PTZvsSAL_1hr","Down"
"Zfpm2",0.0557174743336673,0.264660015655606,0.657,0.568,1,"Zfpm2","OPCs","PTZvsSAL_1hr","Up"
"Ogt",0.0558540198681551,0.220505026299982,0.44,0.328,1,"Ogt","OPCs","PTZvsSAL_1hr","Up"
"Pcsk1n",0.0560920548019788,0.264162550069319,0.326,0.234,1,"Pcsk1n","OPCs","PTZvsSAL_1hr","Up"
"Kalrn",0.0561439997990349,-0.506199606862735,0.294,0.349,1,"Kalrn","OPCs","PTZvsSAL_1hr","Down"
"5730522E02Rik",0.0562880498600322,-0.660218090188835,0.277,0.323,1,"5730522E02Rik","OPCs","PTZvsSAL_1hr","Down"
"Stim2",0.056433487300578,-0.463872110586097,0.246,0.307,1,"Stim2","OPCs","PTZvsSAL_1hr","Down"
"Ccar1",0.0576755646061983,0.321200865406862,0.311,0.219,1,"Ccar1","OPCs","PTZvsSAL_1hr","Up"
"Yeats2",0.0578151800659594,0.261029098342735,0.275,0.188,1,"Yeats2","OPCs","PTZvsSAL_1hr","Up"
"Tjp1",0.059083696420354,0.225617772838043,0.387,0.286,1,"Tjp1","OPCs","PTZvsSAL_1hr","Up"
"Immp2l",0.0591366477544126,0.142137236519538,0.324,0.234,1,"Immp2l","OPCs","PTZvsSAL_1hr","Up"
"4930402H24Rik",0.0592421037030984,0.453116915346438,0.299,0.219,1,"4930402H24Rik","OPCs","PTZvsSAL_1hr","Up"
"Meg3",0.0594514940435487,-0.335290918297595,0.36,0.411,1,"Meg3","OPCs","PTZvsSAL_1hr","Down"
"Macrod2",0.0597656571242604,-0.246126808328325,0.701,0.745,1,"Macrod2","OPCs","PTZvsSAL_1hr","Down"
"Hnrnpu",0.0600408273866393,0.225666077490721,0.321,0.234,1,"Hnrnpu","OPCs","PTZvsSAL_1hr","Up"
"Rock1",0.0603610449223455,0.205495168078854,0.299,0.208,1,"Rock1","OPCs","PTZvsSAL_1hr","Up"
"Wdr33",0.0607817961655117,0.262474708613579,0.343,0.245,1,"Wdr33","OPCs","PTZvsSAL_1hr","Up"
"Nckap5",0.0614219493277054,-0.38701054560905,0.64,0.672,1,"Nckap5","OPCs","PTZvsSAL_1hr","Down"
"Srek1",0.0620015366840492,0.248641374158062,0.579,0.5,1,"Srek1","OPCs","PTZvsSAL_1hr","Up"
"Npas3",0.0625840238592972,-0.17909729507459,0.944,0.979,1,"Npas3","OPCs","PTZvsSAL_1hr","Down"
"Sparcl1",0.0632754585197498,0.590583428569787,0.253,0.182,1,"Sparcl1","OPCs","PTZvsSAL_1hr","Up"
"Cd81",0.0651230588602953,0.362721965834961,0.392,0.297,1,"Cd81","OPCs","PTZvsSAL_1hr","Up"
"Serinc5",0.0669071375997642,0.43101653611429,0.338,0.255,1,"Serinc5","OPCs","PTZvsSAL_1hr","Up"
"Akap9",0.0678538902045524,0.288744187325,0.302,0.219,1,"Akap9","OPCs","PTZvsSAL_1hr","Up"
"Far1",0.0679477019852754,0.291691618100966,0.275,0.193,1,"Far1","OPCs","PTZvsSAL_1hr","Up"
"9930021J03Rik",0.0684329390720859,0.420309952441373,0.263,0.188,1,"9930021J03Rik","OPCs","PTZvsSAL_1hr","Up"
"Nmnat2",0.0686736618973397,0.0860559899448752,0.409,0.307,1,"Nmnat2","OPCs","PTZvsSAL_1hr","Up"
"Acap2",0.0688803254263298,0.338141986999677,0.268,0.188,1,"Acap2","OPCs","PTZvsSAL_1hr","Up"
"Ankhd1",0.0696664237789191,-0.554786024953707,0.251,0.307,1,"Ankhd1","OPCs","PTZvsSAL_1hr","Down"
"Kank1",0.0717118541839412,-0.514749866462799,0.302,0.349,1,"Kank1","OPCs","PTZvsSAL_1hr","Down"
"mt-Cytb",0.0722321433131782,-0.171059967633426,0.375,0.438,1,"mt-Cytb","OPCs","PTZvsSAL_1hr","Down"
"Zfr",0.0724228427154826,0.191019894712571,0.387,0.292,1,"Zfr","OPCs","PTZvsSAL_1hr","Up"
"Cop1",0.0724304136288923,0.19843498955896,0.35,0.26,1,"Cop1","OPCs","PTZvsSAL_1hr","Up"
"Gatm",0.0727924990066975,0.10363386674657,0.489,0.375,1,"Gatm","OPCs","PTZvsSAL_1hr","Up"
"Sgcd",0.0728086748338103,-0.207635733033423,0.917,0.885,1,"Sgcd","OPCs","PTZvsSAL_1hr","Down"
"Adam22",0.0734517223035365,-0.391826117784835,0.445,0.469,1,"Adam22","OPCs","PTZvsSAL_1hr","Down"
"Nktr",0.0735931232038933,0.259015476738179,0.457,0.354,1,"Nktr","OPCs","PTZvsSAL_1hr","Up"
"Sept7",0.074193873531181,0.27290528470269,0.516,0.401,1,"Sept7","OPCs","PTZvsSAL_1hr","Up"
"Cadm1",0.0770522706580614,0.161314646424894,0.657,0.536,1,"Cadm1","OPCs","PTZvsSAL_1hr","Up"
"Cdh10",0.0776568200661823,-0.315961120955322,0.584,0.609,1,"Cdh10","OPCs","PTZvsSAL_1hr","Down"
"C2cd5",0.0782528837454989,0.410802045184876,0.275,0.198,1,"C2cd5","OPCs","PTZvsSAL_1hr","Up"
"Gnaq",0.0787531969579528,0.190737315793994,0.501,0.396,1,"Gnaq","OPCs","PTZvsSAL_1hr","Up"
"Canx",0.0807344410579842,0.417445325596254,0.336,0.266,1,"Canx","OPCs","PTZvsSAL_1hr","Up"
"Abtb2",0.0812449047823251,0.461758016604198,0.324,0.25,1,"Abtb2","OPCs","PTZvsSAL_1hr","Up"
"Picalm",0.0814462564649992,0.169570235292783,0.365,0.271,1,"Picalm","OPCs","PTZvsSAL_1hr","Up"
"Xylt1",0.0818331850597464,0.145644412374616,0.944,0.854,1,"Xylt1","OPCs","PTZvsSAL_1hr","Up"
"Olfm2",0.0825025978792104,0.194709405083867,0.285,0.203,1,"Olfm2","OPCs","PTZvsSAL_1hr","Up"
"Tasor",0.0826324919044681,0.27827847005505,0.431,0.344,1,"Tasor","OPCs","PTZvsSAL_1hr","Up"
"Scai",0.0831438412909551,0.350105797400326,0.331,0.25,1,"Scai","OPCs","PTZvsSAL_1hr","Up"
"Pdlim5",0.0836824874515432,0.425190490185285,0.265,0.198,1,"Pdlim5","OPCs","PTZvsSAL_1hr","Up"
"Slc1a2",0.0842694418604865,0.0768175448182802,0.375,0.276,1,"Slc1a2","OPCs","PTZvsSAL_1hr","Up"
"Atf7ip",0.0846681560443915,0.423052991095703,0.251,0.182,1,"Atf7ip","OPCs","PTZvsSAL_1hr","Up"
"Svil",0.0853211596315407,0.150381689533235,0.426,0.323,1,"Svil","OPCs","PTZvsSAL_1hr","Up"
"Slc24a3",0.0853555056458531,-0.250592806021116,0.348,0.396,1,"Slc24a3","OPCs","PTZvsSAL_1hr","Down"
"Pcdh10",0.0865144894554071,0.178464306162086,0.294,0.214,1,"Pcdh10","OPCs","PTZvsSAL_1hr","Up"
"Strn3",0.0868867410980771,0.26605348538157,0.448,0.365,1,"Strn3","OPCs","PTZvsSAL_1hr","Up"
"Slc22a23",0.0870669140874279,0.42085466031177,0.309,0.24,1,"Slc22a23","OPCs","PTZvsSAL_1hr","Up"
"Phf14",0.0896012062200236,0.247906568032204,0.591,0.516,1,"Phf14","OPCs","PTZvsSAL_1hr","Up"
"Wac",0.0898727858978112,0.417408319804568,0.35,0.276,1,"Wac","OPCs","PTZvsSAL_1hr","Up"
"Zmym4",0.0901644283308094,0.343957085678734,0.448,0.359,1,"Zmym4","OPCs","PTZvsSAL_1hr","Up"
"Dennd4a",0.0903061475806971,0.267457942647476,0.287,0.214,1,"Dennd4a","OPCs","PTZvsSAL_1hr","Up"
"Brinp3",0.0909559085923403,-0.163036266231011,0.937,0.948,1,"Brinp3","OPCs","PTZvsSAL_1hr","Down"
"Qk",0.0918568709588532,-0.0824260358364013,0.988,0.984,1,"Qk","OPCs","PTZvsSAL_1hr","Down"
"Cacng4",0.0920304065617362,0.293549708603807,0.457,0.365,1,"Cacng4","OPCs","PTZvsSAL_1hr","Up"
"Tpm1",0.0931689176480322,0.36453868608884,0.401,0.328,1,"Tpm1","OPCs","PTZvsSAL_1hr","Up"
"Zfp536",0.0931810997933642,-0.605726602713891,0.221,0.266,1,"Zfp536","OPCs","PTZvsSAL_1hr","Down"
"Msi2",0.0938418297778001,0.43838359188885,0.29,0.214,1,"Msi2","OPCs","PTZvsSAL_1hr","Up"
"Gm38505",0.094135618126396,-0.684525435475901,0.217,0.26,1,"Gm38505","OPCs","PTZvsSAL_1hr","Down"
"Bclaf1",0.0963229111177221,0.472650601272004,0.331,0.255,1,"Bclaf1","OPCs","PTZvsSAL_1hr","Up"
"Nnat",0.0974737462446826,0.160961231593525,0.54,0.453,1,"Nnat","OPCs","PTZvsSAL_1hr","Up"
"A330076H08Rik",0.0979989593870621,0.178241512395819,0.406,0.307,1,"A330076H08Rik","OPCs","PTZvsSAL_1hr","Up"
"Faf1",0.098154558351265,0.341205346562331,0.358,0.281,1,"Faf1","OPCs","PTZvsSAL_1hr","Up"
"Plxdc2",0.0984318136702276,-0.565931918030047,0.285,0.323,1,"Plxdc2","OPCs","PTZvsSAL_1hr","Down"
"Scn3a",0.0996936591543608,-0.370139254887616,0.426,0.458,1,"Scn3a","OPCs","PTZvsSAL_1hr","Down"
"Nav2",0.100026485260333,-0.203857380789432,0.681,0.734,1,"Nav2","OPCs","PTZvsSAL_1hr","Down"
"Psme4",0.100571553346703,0.270038369996392,0.423,0.333,1,"Psme4","OPCs","PTZvsSAL_1hr","Up"
"Eml5",0.101038738224389,0.241009872354842,0.326,0.245,1,"Eml5","OPCs","PTZvsSAL_1hr","Up"
"Pabpn1",0.101270883004336,-0.408054177483039,0.462,0.484,1,"Pabpn1","OPCs","PTZvsSAL_1hr","Down"
"Rab2a",0.101484812248788,0.155355086453185,0.258,0.188,1,"Rab2a","OPCs","PTZvsSAL_1hr","Up"
"Adarb2",0.101522755518324,0.26536907341755,0.54,0.495,1,"Adarb2","OPCs","PTZvsSAL_1hr","Up"
"Ano4",0.101705857640111,0.290329182896628,0.27,0.198,1,"Ano4","OPCs","PTZvsSAL_1hr","Up"
"Cacnb4",0.103076828836276,0.315868142372136,0.319,0.245,1,"Cacnb4","OPCs","PTZvsSAL_1hr","Up"
"Camta1",0.105004570394807,0.218253202482166,0.326,0.25,1,"Camta1","OPCs","PTZvsSAL_1hr","Up"
"Abhd2",0.107338691463002,0.316586656412395,0.367,0.292,1,"Abhd2","OPCs","PTZvsSAL_1hr","Up"
"Bicd1",0.108133959279029,-0.332003202535744,0.358,0.396,1,"Bicd1","OPCs","PTZvsSAL_1hr","Down"
"Farp1",0.108149585859394,0.116887414835247,0.564,0.469,1,"Farp1","OPCs","PTZvsSAL_1hr","Up"
"Dmxl2",0.10887074829788,0.203240692231391,0.275,0.198,1,"Dmxl2","OPCs","PTZvsSAL_1hr","Up"
"Krit1",0.109191366610787,0.280117321888889,0.29,0.214,1,"Krit1","OPCs","PTZvsSAL_1hr","Up"
"Hecw2",0.109284881446316,-0.220579078985938,0.372,0.427,1,"Hecw2","OPCs","PTZvsSAL_1hr","Down"
"Eif4a2",0.111056827929244,0.142409937759891,0.292,0.214,1,"Eif4a2","OPCs","PTZvsSAL_1hr","Up"
"Brinp1",0.111429234875164,0.0767459500084158,0.608,0.521,1,"Brinp1","OPCs","PTZvsSAL_1hr","Up"
"Lsamp",0.111870041771838,-0.0712659158826456,1,1,1,"Lsamp","OPCs","PTZvsSAL_1hr","Down"
"Pcdh11x",0.111886990474678,-0.187072513078461,0.912,0.932,1,"Pcdh11x","OPCs","PTZvsSAL_1hr","Down"
"Ppfibp1",0.112125670708657,0.160756686708852,0.509,0.422,1,"Ppfibp1","OPCs","PTZvsSAL_1hr","Up"
"Gpr158",0.113676218165752,-0.33005541548003,0.348,0.391,1,"Gpr158","OPCs","PTZvsSAL_1hr","Down"
"Stox2",0.115077833287078,0.295219181463021,0.314,0.245,1,"Stox2","OPCs","PTZvsSAL_1hr","Up"
"Sox10",0.116366576963839,0.359444465826036,0.491,0.391,1,"Sox10","OPCs","PTZvsSAL_1hr","Up"
"Ednrb",0.116373950406404,0.126370954113572,0.399,0.302,1,"Ednrb","OPCs","PTZvsSAL_1hr","Up"
"Rbm5",0.116407008092902,0.00491557581719326,0.326,0.24,1,"Rbm5","OPCs","PTZvsSAL_1hr","Up"
"Eif4g2",0.116418836649608,0.316765965523426,0.273,0.203,1,"Eif4g2","OPCs","PTZvsSAL_1hr","Up"
"Fam135a",0.118098894303664,0.216918234195576,0.316,0.229,1,"Fam135a","OPCs","PTZvsSAL_1hr","Up"
"Hip1",0.120101912272042,0.277086477622754,0.319,0.24,1,"Hip1","OPCs","PTZvsSAL_1hr","Up"
"Gpm6b",0.120960637656191,0.174410767189442,0.62,0.526,1,"Gpm6b","OPCs","PTZvsSAL_1hr","Up"
"Neto1",0.121420321308985,-0.353553123879681,0.445,0.469,1,"Neto1","OPCs","PTZvsSAL_1hr","Down"
"Fcho2",0.1222323811735,0.353351103102353,0.316,0.24,1,"Fcho2","OPCs","PTZvsSAL_1hr","Up"
"Tia1",0.122368936038598,0.219470202062492,0.528,0.432,1,"Tia1","OPCs","PTZvsSAL_1hr","Up"
"Itpr2",0.122719350244527,0.177910460802019,0.577,0.49,1,"Itpr2","OPCs","PTZvsSAL_1hr","Up"
"Sox5",0.12285004701818,0.133838351559492,0.796,0.719,1,"Sox5","OPCs","PTZvsSAL_1hr","Up"
"Cdk14",0.126486988540261,0.114060660011421,0.496,0.38,1,"Cdk14","OPCs","PTZvsSAL_1hr","Up"
"Bcas3",0.127847676424561,0.0202705929882128,0.343,0.255,1,"Bcas3","OPCs","PTZvsSAL_1hr","Up"
"Map3k1",0.128135463330144,0.235243679650499,0.348,0.281,1,"Map3k1","OPCs","PTZvsSAL_1hr","Up"
"Med13",0.128243127875452,0.312793957390561,0.263,0.198,1,"Med13","OPCs","PTZvsSAL_1hr","Up"
"Srgap2",0.129184058383832,0.193595816167825,0.314,0.234,1,"Srgap2","OPCs","PTZvsSAL_1hr","Up"
"Gpr17",0.129223532106564,0.106408329639868,0.389,0.297,1,"Gpr17","OPCs","PTZvsSAL_1hr","Up"
"Btrc",0.129882137915455,0.33877639758393,0.273,0.208,1,"Btrc","OPCs","PTZvsSAL_1hr","Up"
"Dnm1l",0.130030218098832,0.432564277327824,0.255,0.198,1,"Dnm1l","OPCs","PTZvsSAL_1hr","Up"
"mt-Nd2",0.130899223872078,0.248827840917281,0.38,0.307,1,"mt-Nd2","OPCs","PTZvsSAL_1hr","Up"
"Dock1",0.132198868184074,0.216236702145228,0.387,0.302,1,"Dock1","OPCs","PTZvsSAL_1hr","Up"
"Nlgn3",0.133680411479704,0.254936784663306,0.273,0.203,1,"Nlgn3","OPCs","PTZvsSAL_1hr","Up"
"Il1rap",0.133920682911206,0.153170251934474,0.416,0.312,1,"Il1rap","OPCs","PTZvsSAL_1hr","Up"
"Lrp1",0.133944895780405,0.0995985748353245,0.53,0.432,1,"Lrp1","OPCs","PTZvsSAL_1hr","Up"
"Asap1",0.135062176759403,0.0865358143178958,0.309,0.224,1,"Asap1","OPCs","PTZvsSAL_1hr","Up"
"Xrn1",0.135225440228684,0.197793245854908,0.273,0.203,1,"Xrn1","OPCs","PTZvsSAL_1hr","Up"
"Plcl1",0.135230463056612,-0.263036362888641,0.443,0.484,1,"Plcl1","OPCs","PTZvsSAL_1hr","Down"
"Map4k3",0.13640824566755,-0.537669016116422,0.217,0.255,1,"Map4k3","OPCs","PTZvsSAL_1hr","Down"
"Myef2",0.139174786253601,0.20722247021972,0.443,0.344,1,"Myef2","OPCs","PTZvsSAL_1hr","Up"
"Trpm7",0.13989697928468,0.210893388143857,0.367,0.286,1,"Trpm7","OPCs","PTZvsSAL_1hr","Up"
"Tmem135",0.141594879173948,0.0976886041858165,0.255,0.188,1,"Tmem135","OPCs","PTZvsSAL_1hr","Up"
"Pak7",0.141751538105833,-0.460193366728417,0.265,0.312,1,"Pak7","OPCs","PTZvsSAL_1hr","Down"
"Map4k4",0.142546795442647,0.152064568302436,0.479,0.38,1,"Map4k4","OPCs","PTZvsSAL_1hr","Up"
"Ctnna2",0.144012665975108,-0.125676321257393,0.946,0.943,1,"Ctnna2","OPCs","PTZvsSAL_1hr","Down"
"Pik3r1",0.145618163512995,0.42178611675049,0.358,0.276,1,"Pik3r1","OPCs","PTZvsSAL_1hr","Up"
"Prex1",0.146885105652255,0.177780540957112,0.265,0.193,1,"Prex1","OPCs","PTZvsSAL_1hr","Up"
"Eps8",0.147489252221688,-0.347828961833194,0.345,0.375,1,"Eps8","OPCs","PTZvsSAL_1hr","Down"
"Dlg2",0.148036956722151,0.18284239706042,0.844,0.833,1,"Dlg2","OPCs","PTZvsSAL_1hr","Up"
"Ranbp9",0.149890093489637,0.310839399270873,0.428,0.354,1,"Ranbp9","OPCs","PTZvsSAL_1hr","Up"
"Fus",0.15128714457951,0.15506576666852,0.297,0.224,1,"Fus","OPCs","PTZvsSAL_1hr","Up"
"Pcdh7",0.15130847877811,-0.16431618570306,0.866,0.896,1,"Pcdh7","OPCs","PTZvsSAL_1hr","Down"
"Syt16",0.151632036919974,-0.354590400735902,0.343,0.38,1,"Syt16","OPCs","PTZvsSAL_1hr","Down"
"Top2b",0.15168392085443,0.241505999550818,0.414,0.333,1,"Top2b","OPCs","PTZvsSAL_1hr","Up"
"Pde10a",0.151985912198362,0.570234415267883,0.448,0.406,1,"Pde10a","OPCs","PTZvsSAL_1hr","Up"
"Cdk13",0.152009664349739,0.0993159018107593,0.304,0.234,1,"Cdk13","OPCs","PTZvsSAL_1hr","Up"
"Gpatch8",0.152061195075511,0.0996614398209693,0.29,0.214,1,"Gpatch8","OPCs","PTZvsSAL_1hr","Up"
"Sema5a",0.152564620124557,-0.181930891225274,0.706,0.755,1,"Sema5a","OPCs","PTZvsSAL_1hr","Down"
"Ncoa1",0.152611516837247,0.257062935512249,0.465,0.385,1,"Ncoa1","OPCs","PTZvsSAL_1hr","Up"
"Ank2",0.152835710481905,0.0707325320750947,0.703,0.609,1,"Ank2","OPCs","PTZvsSAL_1hr","Up"
"Grm5",0.155717060675072,0.23796315058007,0.791,0.719,1,"Grm5","OPCs","PTZvsSAL_1hr","Up"
"Sh3d19",0.15805214710684,-0.269239974034286,0.511,0.542,1,"Sh3d19","OPCs","PTZvsSAL_1hr","Down"
"Wipf1",0.158407068839808,0.266607442730932,0.448,0.375,1,"Wipf1","OPCs","PTZvsSAL_1hr","Up"
"Ddx5",0.159639471923661,0.021245053292136,0.613,0.49,1,"Ddx5","OPCs","PTZvsSAL_1hr","Up"
"Abcc5",0.159707746039836,-0.407322947007858,0.28,0.312,1,"Abcc5","OPCs","PTZvsSAL_1hr","Down"
"Htt",0.160017380871518,0.216981841948198,0.263,0.203,1,"Htt","OPCs","PTZvsSAL_1hr","Up"
"Arhgap35",0.16023462771682,0.268185304084657,0.54,0.464,1,"Arhgap35","OPCs","PTZvsSAL_1hr","Up"
"Gucy1a2",0.161170119974815,0.19459062162995,0.27,0.208,1,"Gucy1a2","OPCs","PTZvsSAL_1hr","Up"
"Rasal2",0.161379755058046,0.307700048696661,0.404,0.339,1,"Rasal2","OPCs","PTZvsSAL_1hr","Up"
"Megf11",0.161408181989448,0.137313413005622,0.38,0.302,1,"Megf11","OPCs","PTZvsSAL_1hr","Up"
"Smoc1",0.161996604513624,0.285729764119149,0.389,0.312,1,"Smoc1","OPCs","PTZvsSAL_1hr","Up"
"Tanc2",0.162141911956271,-0.159349872089155,0.642,0.672,1,"Tanc2","OPCs","PTZvsSAL_1hr","Down"
"Frmd5",0.162576617821644,-0.320400246055476,0.394,0.417,1,"Frmd5","OPCs","PTZvsSAL_1hr","Down"
"Dtnb",0.164979306751296,0.192929777945925,0.287,0.224,1,"Dtnb","OPCs","PTZvsSAL_1hr","Up"
"Fip1l1",0.166005272397294,-0.342659573782546,0.528,0.516,1,"Fip1l1","OPCs","PTZvsSAL_1hr","Down"
"Tox",0.167868462771634,-0.276536964877123,0.582,0.589,1,"Tox","OPCs","PTZvsSAL_1hr","Down"
"Pstpip2",0.174914888670654,0.326882261038273,0.258,0.203,1,"Pstpip2","OPCs","PTZvsSAL_1hr","Up"
"Rims2",0.180156888734413,0.160899915712477,0.859,0.865,1,"Rims2","OPCs","PTZvsSAL_1hr","Up"
"Arglu1",0.18039418279167,-0.177215181492142,0.613,0.641,1,"Arglu1","OPCs","PTZvsSAL_1hr","Down"
"Map2",0.181399893572668,0.181804529962817,0.73,0.693,1,"Map2","OPCs","PTZvsSAL_1hr","Up"
"Tnrc6b",0.181401941885388,0.179598785758698,0.343,0.271,1,"Tnrc6b","OPCs","PTZvsSAL_1hr","Up"
"Zfp148",0.182741020435642,-0.572269024775668,0.217,0.25,1,"Zfp148","OPCs","PTZvsSAL_1hr","Down"
"Prpf40a",0.182971692661114,0.0705091771464041,0.273,0.208,1,"Prpf40a","OPCs","PTZvsSAL_1hr","Up"
"Plcb4",0.185131187199548,0.0219493277357454,0.285,0.219,1,"Plcb4","OPCs","PTZvsSAL_1hr","Up"
"Sntg1",0.185899027443181,-0.14548837457921,0.893,0.88,1,"Sntg1","OPCs","PTZvsSAL_1hr","Down"
"Ppp1r14c",0.187004767408349,0.127384545006239,0.438,0.344,1,"Ppp1r14c","OPCs","PTZvsSAL_1hr","Up"
"Foxp2",0.18703618023672,-0.559386150266739,0.292,0.333,1,"Foxp2","OPCs","PTZvsSAL_1hr","Down"
"Apbb2",0.187287174521909,-0.431910922547206,0.253,0.286,1,"Apbb2","OPCs","PTZvsSAL_1hr","Down"
"Pds5b",0.189074828768507,0.279889926004703,0.314,0.25,1,"Pds5b","OPCs","PTZvsSAL_1hr","Up"
"Clasp1",0.189142825923013,0.198972119938428,0.302,0.234,1,"Clasp1","OPCs","PTZvsSAL_1hr","Up"
"Col11a1",0.191062005878172,-0.221543269203096,0.309,0.339,1,"Col11a1","OPCs","PTZvsSAL_1hr","Down"
"Mdga2",0.192630707551795,-0.0937248746772896,0.981,0.995,1,"Mdga2","OPCs","PTZvsSAL_1hr","Down"
"Zfp608",0.193031114703333,-0.38119539843103,0.297,0.328,1,"Zfp608","OPCs","PTZvsSAL_1hr","Down"
"Rev3l",0.193243646268946,0.15747372936513,0.922,0.885,1,"Rev3l","OPCs","PTZvsSAL_1hr","Up"
"Mir9-3hg",0.19417599796084,-0.186875210770948,0.674,0.672,1,"Mir9-3hg","OPCs","PTZvsSAL_1hr","Down"
"Eya1",0.194774652750888,-0.472098499233873,0.302,0.323,1,"Eya1","OPCs","PTZvsSAL_1hr","Down"
"Pitpnc1",0.195071530602841,-0.480488995181666,0.331,0.349,1,"Pitpnc1","OPCs","PTZvsSAL_1hr","Down"
"Sorcs3",0.196195487304131,-0.214236149075198,0.579,0.604,1,"Sorcs3","OPCs","PTZvsSAL_1hr","Down"
"Ptpre",0.196354900093206,0.192814737102114,0.326,0.26,1,"Ptpre","OPCs","PTZvsSAL_1hr","Up"
"Mapk10",0.196379353569187,-0.275874423872748,0.414,0.448,1,"Mapk10","OPCs","PTZvsSAL_1hr","Down"
"Dock4",0.197653330212609,0.0284495352837446,0.693,0.578,1,"Dock4","OPCs","PTZvsSAL_1hr","Up"
"Mllt3",0.198122773429577,-0.425225859459884,0.297,0.328,1,"Mllt3","OPCs","PTZvsSAL_1hr","Down"
"Dscam",0.198693698617506,0.0802012407577282,0.981,0.964,1,"Dscam","OPCs","PTZvsSAL_1hr","Up"
"Atp1a2",0.199707905892088,0.190120782270858,0.38,0.307,1,"Atp1a2","OPCs","PTZvsSAL_1hr","Up"
"Lrrc4c",0.199750873229383,0.0688219480115144,0.998,1,1,"Lrrc4c","OPCs","PTZvsSAL_1hr","Up"
"Ppm1l",0.200650442862071,0.203559297532216,0.304,0.24,1,"Ppm1l","OPCs","PTZvsSAL_1hr","Up"
"Scfd2",0.200712860979517,0.23726156129332,0.401,0.323,1,"Scfd2","OPCs","PTZvsSAL_1hr","Up"
"Sfpq",0.201493364584226,0.225058612440962,0.436,0.37,1,"Sfpq","OPCs","PTZvsSAL_1hr","Up"
"Snd1",0.202879723408001,0.0130227599802046,0.255,0.193,1,"Snd1","OPCs","PTZvsSAL_1hr","Up"
"Usp9x",0.204466366611791,0.122414253932156,0.341,0.266,1,"Usp9x","OPCs","PTZvsSAL_1hr","Up"
"Senp6",0.207080968323879,0.111719197758582,0.338,0.271,1,"Senp6","OPCs","PTZvsSAL_1hr","Up"
"Kcnq3",0.207400507128164,0.193372644563973,0.343,0.281,1,"Kcnq3","OPCs","PTZvsSAL_1hr","Up"
"Tle4",0.208066920575535,-0.323121013587916,0.277,0.312,1,"Tle4","OPCs","PTZvsSAL_1hr","Down"
"Tafa2",0.208611308613495,-0.144842046122953,0.708,0.698,1,"Tafa2","OPCs","PTZvsSAL_1hr","Down"
"Cdk8",0.20917700191261,0.237867036994536,0.258,0.203,1,"Cdk8","OPCs","PTZvsSAL_1hr","Up"
"Prpf4b",0.209904707540487,0.169349073428049,0.436,0.349,1,"Prpf4b","OPCs","PTZvsSAL_1hr","Up"
"Mir99ahg",0.210295799638358,-0.0946711364737061,0.798,0.771,1,"Mir99ahg","OPCs","PTZvsSAL_1hr","Down"
"Snrnp70",0.210840363531105,-0.277513917232226,0.55,0.531,1,"Snrnp70","OPCs","PTZvsSAL_1hr","Down"
"Araf",0.211790876926672,0.388636368111632,0.253,0.208,1,"Araf","OPCs","PTZvsSAL_1hr","Up"
"Lrrtm4",0.212058401694022,0.11974375811596,0.966,0.953,1,"Lrrtm4","OPCs","PTZvsSAL_1hr","Up"
"Kcnq5",0.214078908337179,0.00397677822456854,0.479,0.38,1,"Kcnq5","OPCs","PTZvsSAL_1hr","Up"
"Ptprt",0.214140015485641,-0.144939124874965,0.891,0.917,1,"Ptprt","OPCs","PTZvsSAL_1hr","Down"
"Ophn1",0.214421088614688,0.174215013051264,0.263,0.203,1,"Ophn1","OPCs","PTZvsSAL_1hr","Up"
"Srgap1",0.214470228142541,-0.281863167062331,0.343,0.38,1,"Srgap1","OPCs","PTZvsSAL_1hr","Down"
"Cacna1c",0.214796450946805,-0.328004438015426,0.509,0.516,1,"Cacna1c","OPCs","PTZvsSAL_1hr","Down"
"Cst3",0.215513456049967,-0.204918019514935,0.326,0.255,1,"Cst3","OPCs","PTZvsSAL_1hr","Down"
"Cpq",0.216484057699446,-0.0334387705502708,0.273,0.208,1,"Cpq","OPCs","PTZvsSAL_1hr","Down"
"Cpeb4",0.217310884420974,0.265140893800083,0.28,0.224,1,"Cpeb4","OPCs","PTZvsSAL_1hr","Up"
"Mpdz",0.223695727565883,0.240146951395156,0.275,0.219,1,"Mpdz","OPCs","PTZvsSAL_1hr","Up"
"Rtl4",0.225051728889681,0.060014765153303,0.333,0.271,1,"Rtl4","OPCs","PTZvsSAL_1hr","Up"
"mt-Co1",0.22613181137071,-0.101991518211348,0.516,0.542,1,"mt-Co1","OPCs","PTZvsSAL_1hr","Down"
"Tcf25",0.226853049956978,0.0210541646151881,0.294,0.229,1,"Tcf25","OPCs","PTZvsSAL_1hr","Up"
"Nrg3",0.227650286612848,0.0652653690568377,0.934,0.927,1,"Nrg3","OPCs","PTZvsSAL_1hr","Up"
"Cntn6",0.228580112480969,0.342424152625541,0.372,0.307,1,"Cntn6","OPCs","PTZvsSAL_1hr","Up"
"Fmn2",0.229899081252855,0.0941357944111354,0.477,0.391,1,"Fmn2","OPCs","PTZvsSAL_1hr","Up"
"Dnajc1",0.230856231910549,0.281853804716677,0.324,0.26,1,"Dnajc1","OPCs","PTZvsSAL_1hr","Up"
"Bptf",0.23292764473711,0.0770591484376407,0.292,0.224,1,"Bptf","OPCs","PTZvsSAL_1hr","Up"
"Scn2a",0.233730052577636,0.148737548118389,0.277,0.219,1,"Scn2a","OPCs","PTZvsSAL_1hr","Up"
"Slc9a9",0.234857011151607,0.170353301114386,0.494,0.401,1,"Slc9a9","OPCs","PTZvsSAL_1hr","Up"
"Gab2",0.234877672833522,0.00448716562717721,0.316,0.25,1,"Gab2","OPCs","PTZvsSAL_1hr","Up"
"Sobp",0.235727891641565,-0.356091179250187,0.243,0.276,1,"Sobp","OPCs","PTZvsSAL_1hr","Down"
"Hnrnpc",0.237720891214405,0.166287458606267,0.277,0.219,1,"Hnrnpc","OPCs","PTZvsSAL_1hr","Up"
"Fign",0.238127778159949,-0.394574120796528,0.236,0.271,1,"Fign","OPCs","PTZvsSAL_1hr","Down"
"Cdh13",0.239014443369554,-0.127622470559517,0.582,0.599,1,"Cdh13","OPCs","PTZvsSAL_1hr","Down"
"Wsb1",0.239112653844482,0.00504452709780079,0.338,0.26,1,"Wsb1","OPCs","PTZvsSAL_1hr","Up"
"Sox2ot",0.23984313489057,-0.160832546255052,0.929,0.917,1,"Sox2ot","OPCs","PTZvsSAL_1hr","Down"
"Arid1b",0.240602031342002,-0.247828071845958,0.326,0.359,1,"Arid1b","OPCs","PTZvsSAL_1hr","Down"
"Nav3",0.241347587941216,-0.0863900978351024,0.978,0.995,1,"Nav3","OPCs","PTZvsSAL_1hr","Down"
"Lrrtm3",0.24145935562093,0.20967062617096,0.567,0.505,1,"Lrrtm3","OPCs","PTZvsSAL_1hr","Up"
"2210408I21Rik",0.241662615667582,0.183734440095132,0.365,0.302,1,"2210408I21Rik","OPCs","PTZvsSAL_1hr","Up"
"Rbfox1",0.243645509070907,-0.102740214263682,0.788,0.818,1,"Rbfox1","OPCs","PTZvsSAL_1hr","Down"
"Tanc1",0.245695942993478,-0.0826994161278506,0.251,0.188,1,"Tanc1","OPCs","PTZvsSAL_1hr","Down"
"Emid1",0.246230597681792,-0.0865916214238882,0.392,0.307,1,"Emid1","OPCs","PTZvsSAL_1hr","Down"
"Tenm2",0.246633947002887,-0.444119809410946,0.44,0.469,1,"Tenm2","OPCs","PTZvsSAL_1hr","Down"
"Gsk3b",0.247460668202013,0.113943249134079,0.353,0.286,1,"Gsk3b","OPCs","PTZvsSAL_1hr","Up"
"Snhg14",0.252597245251475,0.169855375846966,0.47,0.411,1,"Snhg14","OPCs","PTZvsSAL_1hr","Up"
"C530008M17Rik",0.256222600389649,-0.392146762063463,0.221,0.25,1,"C530008M17Rik","OPCs","PTZvsSAL_1hr","Down"
"Grid1",0.256498748960394,0.086617087079055,0.861,0.802,1,"Grid1","OPCs","PTZvsSAL_1hr","Up"
"Afap1l2",0.256730143225767,-0.0253859421286016,0.275,0.214,1,"Afap1l2","OPCs","PTZvsSAL_1hr","Down"
"Kidins220",0.258440857324489,0.146688361805659,0.304,0.245,1,"Kidins220","OPCs","PTZvsSAL_1hr","Up"
"Rtn4",0.258748694175708,0.170987196659379,0.253,0.198,1,"Rtn4","OPCs","PTZvsSAL_1hr","Up"
"Fstl5",0.258872903104451,-0.322201832013734,0.367,0.396,1,"Fstl5","OPCs","PTZvsSAL_1hr","Down"
"Rsrp1",0.258881662143348,-0.303590428560253,0.28,0.312,1,"Rsrp1","OPCs","PTZvsSAL_1hr","Down"
"Akt3",0.26086400569794,0.168785970908815,0.783,0.698,1,"Akt3","OPCs","PTZvsSAL_1hr","Up"
"Akap6",0.26315263175682,0.173666604533404,0.399,0.328,1,"Akap6","OPCs","PTZvsSAL_1hr","Up"
"Nipbl",0.26408334440385,-0.283930831940161,0.487,0.484,1,"Nipbl","OPCs","PTZvsSAL_1hr","Down"
"Ldlrad4",0.266115563684157,0.121580659918505,0.399,0.328,1,"Ldlrad4","OPCs","PTZvsSAL_1hr","Up"
"Brwd1",0.270430308549265,0.415341230793671,0.255,0.214,1,"Brwd1","OPCs","PTZvsSAL_1hr","Up"
"Mbd5",0.271916106975223,0.111605323285186,0.65,0.589,1,"Mbd5","OPCs","PTZvsSAL_1hr","Up"
"Uggt2",0.272075900290047,0.169630330793119,0.304,0.25,1,"Uggt2","OPCs","PTZvsSAL_1hr","Up"
"Marcks",0.273662373463057,-0.0301790414673037,0.277,0.219,1,"Marcks","OPCs","PTZvsSAL_1hr","Down"
"Mfsd2a",0.274949832631498,-0.0687975556842969,0.277,0.219,1,"Mfsd2a","OPCs","PTZvsSAL_1hr","Down"
"A230057D06Rik",0.274984200977299,0.164357038170733,0.521,0.432,1,"A230057D06Rik","OPCs","PTZvsSAL_1hr","Up"
"Slc25a36",0.275447783398606,0.332006076541874,0.253,0.208,1,"Slc25a36","OPCs","PTZvsSAL_1hr","Up"
"Wwox",0.275923054882144,-0.300672266102052,0.37,0.385,1,"Wwox","OPCs","PTZvsSAL_1hr","Down"
"Usp34",0.277151385140935,0.130892255341148,0.547,0.453,1,"Usp34","OPCs","PTZvsSAL_1hr","Up"
"Plekha5",0.277627336567468,0.100544080134272,0.348,0.281,1,"Plekha5","OPCs","PTZvsSAL_1hr","Up"
"Rbm26",0.277951710515939,0.152616138648937,0.509,0.443,1,"Rbm26","OPCs","PTZvsSAL_1hr","Up"
"Kmt2a",0.278323766646331,0.146924303686264,0.397,0.333,1,"Kmt2a","OPCs","PTZvsSAL_1hr","Up"
"Kcnh7",0.27833244685675,-0.405386162275211,0.316,0.333,1,"Kcnh7","OPCs","PTZvsSAL_1hr","Down"
"Astn2",0.279174504017789,-0.186545530258162,0.779,0.724,1,"Astn2","OPCs","PTZvsSAL_1hr","Down"
"Gpm6a",0.280310793028727,0.0515154150177701,0.774,0.688,1,"Gpm6a","OPCs","PTZvsSAL_1hr","Up"
"Slc2a13",0.283550716895287,0.131637790685607,0.268,0.214,1,"Slc2a13","OPCs","PTZvsSAL_1hr","Up"
"Unc79",0.284392746257211,0.122198349780605,0.438,0.365,1,"Unc79","OPCs","PTZvsSAL_1hr","Up"
"Kcnh8",0.289553896367539,0.111160029919907,0.321,0.266,1,"Kcnh8","OPCs","PTZvsSAL_1hr","Up"
"Cdc42bpa",0.291517765873408,0.0354225527056182,0.472,0.396,1,"Cdc42bpa","OPCs","PTZvsSAL_1hr","Up"
"Syne1",0.291947361335843,0.251605903301726,0.319,0.271,1,"Syne1","OPCs","PTZvsSAL_1hr","Up"
"Fryl",0.294116084240393,0.0325403763532528,0.326,0.266,1,"Fryl","OPCs","PTZvsSAL_1hr","Up"
"Gm4258",0.296624774237018,0.124838249339525,0.384,0.312,1,"Gm4258","OPCs","PTZvsSAL_1hr","Up"
"App",0.29906587503388,0.155171637923663,0.394,0.333,1,"App","OPCs","PTZvsSAL_1hr","Up"
"Pak3",0.30217512019562,0.126398555997307,0.436,0.37,1,"Pak3","OPCs","PTZvsSAL_1hr","Up"
"Ttc28",0.302581386530488,-0.291896188415073,0.365,0.38,1,"Ttc28","OPCs","PTZvsSAL_1hr","Down"
"Jarid2",0.302617983721576,-0.32138404986812,0.26,0.281,1,"Jarid2","OPCs","PTZvsSAL_1hr","Down"
"Magi2",0.303470177575817,-0.134995588318404,0.922,0.958,1,"Magi2","OPCs","PTZvsSAL_1hr","Down"
"Hnrnpk",0.305684012077635,0.141252626061492,0.294,0.24,1,"Hnrnpk","OPCs","PTZvsSAL_1hr","Up"
"Cdh20",0.309865094106033,0.117866032961893,0.438,0.365,1,"Cdh20","OPCs","PTZvsSAL_1hr","Up"
"Gm42418",0.310191143514511,-0.0647886402262117,0.993,0.99,1,"Gm42418","OPCs","PTZvsSAL_1hr","Down"
"Ptprs",0.311763522872215,-0.275225885179113,0.421,0.422,1,"Ptprs","OPCs","PTZvsSAL_1hr","Down"
"Aplp2",0.31182649781217,0.0150959378081776,0.389,0.307,1,"Aplp2","OPCs","PTZvsSAL_1hr","Up"
"Chd6",0.313582235786195,0.0219262101301507,0.392,0.323,1,"Chd6","OPCs","PTZvsSAL_1hr","Up"
"Psap",0.316550948440761,0.11662167435663,0.324,0.276,1,"Psap","OPCs","PTZvsSAL_1hr","Up"
"Negr1",0.318119422683889,-0.0886794555146047,0.659,0.688,1,"Negr1","OPCs","PTZvsSAL_1hr","Down"
"Gm33680",0.318510807547439,0.0982376384253225,0.326,0.266,1,"Gm33680","OPCs","PTZvsSAL_1hr","Up"
"Myo5a",0.318595505409778,0.179316745022961,0.472,0.411,1,"Myo5a","OPCs","PTZvsSAL_1hr","Up"
"Agap1",0.319546177871059,0.0776284547175274,0.667,0.583,1,"Agap1","OPCs","PTZvsSAL_1hr","Up"
"Nkain3",0.32124290980361,0.086203244803337,0.65,0.583,1,"Nkain3","OPCs","PTZvsSAL_1hr","Up"
"Srgap3",0.321307167943362,0.0971349510567276,0.27,0.219,1,"Srgap3","OPCs","PTZvsSAL_1hr","Up"
"Rfx7",0.322807253378663,0.060218514646931,0.304,0.245,1,"Rfx7","OPCs","PTZvsSAL_1hr","Up"
"Tial1",0.323007258644418,0.141372673431692,0.377,0.312,1,"Tial1","OPCs","PTZvsSAL_1hr","Up"
"Gabrg3",0.323045623718862,0.144986317979457,0.268,0.219,1,"Gabrg3","OPCs","PTZvsSAL_1hr","Up"
"Zfp827",0.323981074021933,-0.0415976339045065,0.268,0.214,1,"Zfp827","OPCs","PTZvsSAL_1hr","Down"
"Schip1",0.325209422304646,0.228898892178137,0.472,0.422,1,"Schip1","OPCs","PTZvsSAL_1hr","Up"
"Hnrnpm",0.325439123620114,0.0179285891698747,0.268,0.214,1,"Hnrnpm","OPCs","PTZvsSAL_1hr","Up"
"Arhgef12",0.32739307578745,-0.189624253903764,0.282,0.318,1,"Arhgef12","OPCs","PTZvsSAL_1hr","Down"
"Gm4876",0.328597074013375,0.081435950855878,0.516,0.438,1,"Gm4876","OPCs","PTZvsSAL_1hr","Up"
"Anks1b",0.329097006929742,-0.0584596687795891,0.995,0.984,1,"Anks1b","OPCs","PTZvsSAL_1hr","Down"
"Lrp6",0.329197542773924,0.113570858325187,0.299,0.24,1,"Lrp6","OPCs","PTZvsSAL_1hr","Up"
"Ccser2",0.330174754590328,0.0297437209732363,0.275,0.224,1,"Ccser2","OPCs","PTZvsSAL_1hr","Up"
"Hnrnpa2b1",0.330360206832939,-0.168272259643021,0.672,0.641,1,"Hnrnpa2b1","OPCs","PTZvsSAL_1hr","Down"
"Arhgap21",0.331591381485625,0.186052264909894,0.367,0.307,1,"Arhgap21","OPCs","PTZvsSAL_1hr","Up"
"Eml4",0.333865700193807,-0.0380027728942285,0.29,0.24,1,"Eml4","OPCs","PTZvsSAL_1hr","Down"
"Thsd7b",0.334124862590937,-0.00718809566398892,0.392,0.318,1,"Thsd7b","OPCs","PTZvsSAL_1hr","Down"
"Phactr1",0.334504766073019,-0.364745379235233,0.36,0.37,1,"Phactr1","OPCs","PTZvsSAL_1hr","Down"
"Slc1a3",0.335280242858723,0.115981910250539,0.397,0.339,1,"Slc1a3","OPCs","PTZvsSAL_1hr","Up"
"Trip12",0.335436554545825,0.0724928686801878,0.487,0.411,1,"Trip12","OPCs","PTZvsSAL_1hr","Up"
"Maged1",0.336246714964775,0.151203691476223,0.27,0.224,1,"Maged1","OPCs","PTZvsSAL_1hr","Up"
"Ylpm1",0.336489809901589,-0.0267657880252344,0.277,0.224,1,"Ylpm1","OPCs","PTZvsSAL_1hr","Down"
"Sdc3",0.337253122730013,-0.102682186993097,0.287,0.234,1,"Sdc3","OPCs","PTZvsSAL_1hr","Down"
"Adgrl3",0.339394794099815,-0.058869993788619,0.995,0.984,1,"Adgrl3","OPCs","PTZvsSAL_1hr","Down"
"Calcrl",0.339699710257301,0.0491792805073454,0.465,0.401,1,"Calcrl","OPCs","PTZvsSAL_1hr","Up"
"Sik3",0.34039277657042,0.216979592241316,0.433,0.37,1,"Sik3","OPCs","PTZvsSAL_1hr","Up"
"Cadm2",0.341555457267968,0.0578492326957525,1,0.995,1,"Cadm2","OPCs","PTZvsSAL_1hr","Up"
"Nlgn1",0.342575125674532,0.0479238097951731,1,1,1,"Nlgn1","OPCs","PTZvsSAL_1hr","Up"
"Otud7a",0.343917729802648,0.290359524031891,0.285,0.24,1,"Otud7a","OPCs","PTZvsSAL_1hr","Up"
"Rbm6",0.346812294060326,-0.0695068266528083,0.399,0.333,1,"Rbm6","OPCs","PTZvsSAL_1hr","Down"
"Dleu2",0.34705038309523,0.325962532318348,0.268,0.229,1,"Dleu2","OPCs","PTZvsSAL_1hr","Up"
"Hectd4",0.349182329344663,-0.305767402731716,0.282,0.302,1,"Hectd4","OPCs","PTZvsSAL_1hr","Down"
"Macf1",0.349223505748356,-0.223642429872571,0.635,0.609,1,"Macf1","OPCs","PTZvsSAL_1hr","Down"
"Grip1",0.349781932939752,-0.0675838673898417,0.599,0.615,1,"Grip1","OPCs","PTZvsSAL_1hr","Down"
"Polg",0.352823268716943,0.0655637721045556,0.258,0.214,1,"Polg","OPCs","PTZvsSAL_1hr","Up"
"Cdh2",0.352896470293499,-0.195536673464122,0.513,0.516,1,"Cdh2","OPCs","PTZvsSAL_1hr","Down"
"Slc35f1",0.353697919249819,-0.0836253311258868,0.762,0.786,1,"Slc35f1","OPCs","PTZvsSAL_1hr","Down"
"Rora",0.354026940309688,0.0808962641359146,0.856,0.792,1,"Rora","OPCs","PTZvsSAL_1hr","Up"
"Pum2",0.356472829993989,0.0787551764601703,0.275,0.229,1,"Pum2","OPCs","PTZvsSAL_1hr","Up"
"Phactr3",0.358249745399749,-0.228489443816795,0.414,0.406,1,"Phactr3","OPCs","PTZvsSAL_1hr","Down"
"Prkce",0.36392154364641,0.0873044993258005,0.287,0.24,1,"Prkce","OPCs","PTZvsSAL_1hr","Up"
"Dock3",0.365974342740648,-0.165636840039899,0.552,0.547,1,"Dock3","OPCs","PTZvsSAL_1hr","Down"
"Evi5l",0.371041713667724,0.16861298903129,0.348,0.302,1,"Evi5l","OPCs","PTZvsSAL_1hr","Up"
"Tmem132d",0.372479752140665,-0.152601313719542,0.596,0.583,1,"Tmem132d","OPCs","PTZvsSAL_1hr","Down"
"Tmeff2",0.37375263820798,-0.0202082865929101,0.457,0.469,1,"Tmeff2","OPCs","PTZvsSAL_1hr","Down"
"Erbin",0.374069525677475,0.241027155021993,0.26,0.224,1,"Erbin","OPCs","PTZvsSAL_1hr","Up"
"Gm20754",0.376622859645761,-0.164794571191801,0.676,0.677,1,"Gm20754","OPCs","PTZvsSAL_1hr","Down"
"Sdk1",0.378363245796733,0.0554426196089504,0.433,0.37,1,"Sdk1","OPCs","PTZvsSAL_1hr","Up"
"Opcml",0.379078669629222,-0.0303746920942327,0.99,0.995,1,"Opcml","OPCs","PTZvsSAL_1hr","Down"
"Syt11",0.379097038935677,0.242402230223465,0.399,0.344,1,"Syt11","OPCs","PTZvsSAL_1hr","Up"
"Auts2",0.380716089309219,0.0864497238213242,0.844,0.792,1,"Auts2","OPCs","PTZvsSAL_1hr","Up"
"Zfp462",0.38071626974376,0.127108745873123,0.589,0.542,1,"Zfp462","OPCs","PTZvsSAL_1hr","Up"
"Elmo1",0.380762908227043,-0.343138020419744,0.263,0.281,1,"Elmo1","OPCs","PTZvsSAL_1hr","Down"
"Meis2",0.381579315887213,0.180754976806449,0.258,0.219,1,"Meis2","OPCs","PTZvsSAL_1hr","Up"
"Cuedc1",0.381934071028061,0.0466162474790529,0.251,0.203,1,"Cuedc1","OPCs","PTZvsSAL_1hr","Up"
"Med12l",0.382629188650393,-0.221214938919015,0.37,0.385,1,"Med12l","OPCs","PTZvsSAL_1hr","Down"
"Klhl32",0.383157620001384,-0.150418146146514,0.27,0.214,1,"Klhl32","OPCs","PTZvsSAL_1hr","Down"
"Itgb8",0.383484574973759,0.035089291672735,0.309,0.26,1,"Itgb8","OPCs","PTZvsSAL_1hr","Up"
"Tmem163",0.383574902193538,0.259418742430394,0.28,0.24,1,"Tmem163","OPCs","PTZvsSAL_1hr","Up"
"Tshz2",0.385498310235928,-0.356501118146757,0.265,0.276,1,"Tshz2","OPCs","PTZvsSAL_1hr","Down"
"Ube2k",0.388564121487983,-0.388686670612511,0.248,0.26,1,"Ube2k","OPCs","PTZvsSAL_1hr","Down"
"Atrnl1",0.389767842891874,-0.224279786427789,0.307,0.339,1,"Atrnl1","OPCs","PTZvsSAL_1hr","Down"
"Csmd3",0.392129468281683,-0.0383461644119683,0.985,0.99,1,"Csmd3","OPCs","PTZvsSAL_1hr","Down"
"Fndc3a",0.396063607904024,-0.213452006123052,0.236,0.255,1,"Fndc3a","OPCs","PTZvsSAL_1hr","Down"
"Enah",0.396631153222086,-0.260397176635454,0.465,0.479,1,"Enah","OPCs","PTZvsSAL_1hr","Down"
"Ncoa2",0.398214661370171,-0.204502678966293,0.297,0.318,1,"Ncoa2","OPCs","PTZvsSAL_1hr","Down"
"Nxph1",0.398805517163603,0.0806625539655776,0.954,0.958,1,"Nxph1","OPCs","PTZvsSAL_1hr","Up"
"Nrxn3",0.399337658467708,-0.0653405744096238,0.937,0.948,1,"Nrxn3","OPCs","PTZvsSAL_1hr","Down"
"Ppp2r5e",0.399841981650015,-0.249784599828818,0.277,0.292,1,"Ppp2r5e","OPCs","PTZvsSAL_1hr","Down"
"Zdhhc14",0.400535233943285,-0.278989913852054,0.36,0.359,1,"Zdhhc14","OPCs","PTZvsSAL_1hr","Down"
"Gria3",0.400874438424517,0.124866881839907,0.62,0.547,1,"Gria3","OPCs","PTZvsSAL_1hr","Up"
"Stxbp5",0.401080497390099,-0.399589531189974,0.241,0.26,1,"Stxbp5","OPCs","PTZvsSAL_1hr","Down"
"Ust",0.402724034657995,0.245683574942644,0.326,0.286,1,"Ust","OPCs","PTZvsSAL_1hr","Up"
"Relch",0.403218828999426,-0.0055715185850258,0.287,0.24,1,"Relch","OPCs","PTZvsSAL_1hr","Down"
"Arhgap32",0.405153145867429,0.0158521325517922,0.316,0.26,1,"Arhgap32","OPCs","PTZvsSAL_1hr","Up"
"Rictor",0.406729990250683,0.0354194606657152,0.28,0.234,1,"Rictor","OPCs","PTZvsSAL_1hr","Up"
"Caprin1",0.407251274010205,0.181348467286813,0.27,0.234,1,"Caprin1","OPCs","PTZvsSAL_1hr","Up"
"Cpeb2",0.407322144739474,0.0591876605875354,0.392,0.339,1,"Cpeb2","OPCs","PTZvsSAL_1hr","Up"
"Tulp4",0.40851540982029,0.0800326507934059,0.253,0.208,1,"Tulp4","OPCs","PTZvsSAL_1hr","Up"
"Ptpn4",0.408828619127773,-0.261365364564413,0.401,0.406,1,"Ptpn4","OPCs","PTZvsSAL_1hr","Down"
"Cnot4",0.40916882953015,0.107756123824755,0.319,0.266,1,"Cnot4","OPCs","PTZvsSAL_1hr","Up"
"Ash1l",0.409884503865151,0.221684175323559,0.314,0.271,1,"Ash1l","OPCs","PTZvsSAL_1hr","Up"
"Birc6",0.410007904307895,0.0229168743264041,0.513,0.432,1,"Birc6","OPCs","PTZvsSAL_1hr","Up"
"Anapc1",0.410266060871492,0.0957985872519033,0.263,0.219,1,"Anapc1","OPCs","PTZvsSAL_1hr","Up"
"Tbl1x",0.41365340617142,-0.00580924510874947,0.299,0.25,1,"Tbl1x","OPCs","PTZvsSAL_1hr","Down"
"Dip2c",0.414155369144255,0.0543386865924198,0.664,0.578,1,"Dip2c","OPCs","PTZvsSAL_1hr","Up"
"Ckb",0.416605438787519,0.0398457779272767,0.358,0.302,1,"Ckb","OPCs","PTZvsSAL_1hr","Up"
"Phip",0.417753867975607,-0.337610072519157,0.372,0.375,1,"Phip","OPCs","PTZvsSAL_1hr","Down"
"Ncam2",0.418306711287586,-0.0803488473567846,0.968,0.964,1,"Ncam2","OPCs","PTZvsSAL_1hr","Down"
"Snap25",0.42022362039707,0.00408433255910534,0.314,0.255,1,"Snap25","OPCs","PTZvsSAL_1hr","Up"
"Atp2a2",0.421907104770618,0.221771083459959,0.316,0.271,1,"Atp2a2","OPCs","PTZvsSAL_1hr","Up"
"Neo1",0.42252646005045,0.0816336484239941,0.457,0.396,1,"Neo1","OPCs","PTZvsSAL_1hr","Up"
"Gbf1",0.422854620192445,-0.011076416470753,0.275,0.229,1,"Gbf1","OPCs","PTZvsSAL_1hr","Down"
"Ralgapa1",0.422905775472844,0.0524362828552081,0.438,0.375,1,"Ralgapa1","OPCs","PTZvsSAL_1hr","Up"
"Ttc3",0.426032291275029,0.0867155470536112,0.569,0.5,1,"Ttc3","OPCs","PTZvsSAL_1hr","Up"
"Xpr1",0.426923196076029,-0.208430811118499,0.338,0.354,1,"Xpr1","OPCs","PTZvsSAL_1hr","Down"
"Pds5a",0.42740171646935,0.236906690383902,0.265,0.234,1,"Pds5a","OPCs","PTZvsSAL_1hr","Up"
"Slc44a5",0.42786794562271,0.0378790672996977,0.28,0.234,1,"Slc44a5","OPCs","PTZvsSAL_1hr","Up"
"Foxn3",0.430526965924448,-0.0364259190141043,0.319,0.266,1,"Foxn3","OPCs","PTZvsSAL_1hr","Down"
"Fut9",0.435026149848169,-0.347409923684412,0.358,0.354,1,"Fut9","OPCs","PTZvsSAL_1hr","Down"
"Ccdc88a",0.435151921156342,-0.149702336930239,0.657,0.661,1,"Ccdc88a","OPCs","PTZvsSAL_1hr","Down"
"Cacna1d",0.435579887471107,-0.195867271276796,0.421,0.432,1,"Cacna1d","OPCs","PTZvsSAL_1hr","Down"
"Car8",0.437473389637334,-0.529817308521607,0.277,0.286,1,"Car8","OPCs","PTZvsSAL_1hr","Down"
"Arl15",0.437766515834653,-0.249734176974696,0.399,0.401,1,"Arl15","OPCs","PTZvsSAL_1hr","Down"
"Clasp2",0.438121579040647,0.103179528574942,0.533,0.464,1,"Clasp2","OPCs","PTZvsSAL_1hr","Up"
"Kirrel3",0.438914180581902,0.0372856932550718,0.487,0.427,1,"Kirrel3","OPCs","PTZvsSAL_1hr","Up"
"Atp13a3",0.439749754996225,0.172834371758253,0.311,0.271,1,"Atp13a3","OPCs","PTZvsSAL_1hr","Up"
"Prkca",0.442110769602424,-0.0286217297052533,0.418,0.354,1,"Prkca","OPCs","PTZvsSAL_1hr","Down"
"Matn4",0.442146345626222,0.16166578224689,0.428,0.385,1,"Matn4","OPCs","PTZvsSAL_1hr","Up"
"Fbxl17",0.443835751754268,-0.358920790950573,0.448,0.427,1,"Fbxl17","OPCs","PTZvsSAL_1hr","Down"
"Zeb1",0.444721881592982,0.0362446364046001,0.92,0.88,1,"Zeb1","OPCs","PTZvsSAL_1hr","Up"
"Ankrd11",0.44569095771299,0.0053402266029714,0.674,0.589,1,"Ankrd11","OPCs","PTZvsSAL_1hr","Up"
"Zfand3",0.449089294299235,-0.205559319408201,0.26,0.281,1,"Zfand3","OPCs","PTZvsSAL_1hr","Down"
"Myo9a",0.449409131465013,-0.0180208926569609,0.423,0.37,1,"Myo9a","OPCs","PTZvsSAL_1hr","Down"
"Rims1",0.450369597772216,-0.0173522951317451,0.625,0.573,1,"Rims1","OPCs","PTZvsSAL_1hr","Down"
"Nisch",0.450924645817851,-0.433408788297137,0.319,0.318,1,"Nisch","OPCs","PTZvsSAL_1hr","Down"
"Plcb1",0.453421247057714,0.0344025100609056,0.72,0.667,1,"Plcb1","OPCs","PTZvsSAL_1hr","Up"
"Zfp207",0.457750161447479,-0.00404563838141403,0.338,0.292,1,"Zfp207","OPCs","PTZvsSAL_1hr","Down"
"Acaca",0.459542456363945,-0.285587812498634,0.292,0.297,1,"Acaca","OPCs","PTZvsSAL_1hr","Down"
"Pafah1b1",0.460100751088819,-0.0714076135897632,0.36,0.302,1,"Pafah1b1","OPCs","PTZvsSAL_1hr","Down"
"Pcmtd1",0.461380100544729,0.0859862326060615,0.251,0.214,1,"Pcmtd1","OPCs","PTZvsSAL_1hr","Up"
"Ryr3",0.461539181680647,-0.407572882291139,0.331,0.339,1,"Ryr3","OPCs","PTZvsSAL_1hr","Down"
"Mark3",0.461723961309192,0.167962734741531,0.309,0.266,1,"Mark3","OPCs","PTZvsSAL_1hr","Up"
"Zfp407",0.462813863520244,0.0259359442863469,0.345,0.307,1,"Zfp407","OPCs","PTZvsSAL_1hr","Up"
"Zmynd11",0.468689801403092,0.0819392666870917,0.294,0.255,1,"Zmynd11","OPCs","PTZvsSAL_1hr","Up"
"Xkr6",0.468834851689679,0.00996375193910048,0.26,0.219,1,"Xkr6","OPCs","PTZvsSAL_1hr","Up"
"Grik2",0.469501994973773,0.118365228777958,0.92,0.896,1,"Grik2","OPCs","PTZvsSAL_1hr","Up"
"Pan3",0.46992965325181,0.196015177323352,0.311,0.276,1,"Pan3","OPCs","PTZvsSAL_1hr","Up"
"Myo16",0.471650536519778,-0.30971058437999,0.338,0.339,1,"Myo16","OPCs","PTZvsSAL_1hr","Down"
"Pcdh9",0.471658934963705,0.0149996317110777,0.998,1,1,"Pcdh9","OPCs","PTZvsSAL_1hr","Up"
"Maml2",0.47432885263534,-0.0166995738789519,0.844,0.865,1,"Maml2","OPCs","PTZvsSAL_1hr","Down"
"Gm26871",0.47512159561733,-0.47401892583981,0.268,0.276,1,"Gm26871","OPCs","PTZvsSAL_1hr","Down"
"Dennd1b",0.475143692160162,-0.0428693513751788,0.299,0.255,1,"Dennd1b","OPCs","PTZvsSAL_1hr","Down"
"Fam155a",0.475157260992576,-0.0589510068178098,0.905,0.891,1,"Fam155a","OPCs","PTZvsSAL_1hr","Down"
"Trpm3",0.476796321692826,-0.362131183245802,0.304,0.318,1,"Trpm3","OPCs","PTZvsSAL_1hr","Down"
"Cpe",0.478178637787957,-0.097130716114068,0.409,0.349,1,"Cpe","OPCs","PTZvsSAL_1hr","Down"
"Aak1",0.478912489567414,-0.0134727169760644,0.251,0.214,1,"Aak1","OPCs","PTZvsSAL_1hr","Down"
"Fgf12",0.480000471002687,0.0266888413057802,0.818,0.745,1,"Fgf12","OPCs","PTZvsSAL_1hr","Up"
"Ntrk3",0.480798010992822,-0.0805426745532616,0.713,0.698,1,"Ntrk3","OPCs","PTZvsSAL_1hr","Down"
"Luc7l3",0.481023390162795,-0.0104004429081563,0.363,0.312,1,"Luc7l3","OPCs","PTZvsSAL_1hr","Down"
"R3hdm1",0.488682872511784,-0.185102584247615,0.426,0.443,1,"R3hdm1","OPCs","PTZvsSAL_1hr","Down"
"Fam189a1",0.490681779214895,-0.216707631441965,0.253,0.266,1,"Fam189a1","OPCs","PTZvsSAL_1hr","Down"
"Ubn2",0.491926171244524,-0.0418367040564407,0.345,0.292,1,"Ubn2","OPCs","PTZvsSAL_1hr","Down"
"Ktn1",0.493692694816553,-0.0627304196835134,0.345,0.286,1,"Ktn1","OPCs","PTZvsSAL_1hr","Down"
"Tafa1",0.495806898428898,-0.375364011516184,0.426,0.417,1,"Tafa1","OPCs","PTZvsSAL_1hr","Down"
"Alk",0.496628571706392,0.0657310111630764,0.285,0.25,1,"Alk","OPCs","PTZvsSAL_1hr","Up"
"Etnk1",0.501144458432984,0.110430954684745,0.26,0.224,1,"Etnk1","OPCs","PTZvsSAL_1hr","Up"
"Erc2",0.501805938657515,-0.255971917406402,0.479,0.474,1,"Erc2","OPCs","PTZvsSAL_1hr","Down"
"Dgki",0.502916869667721,-0.117207110563677,0.387,0.328,1,"Dgki","OPCs","PTZvsSAL_1hr","Down"
"Klf12",0.503339397847294,-0.167539743462003,0.822,0.797,1,"Klf12","OPCs","PTZvsSAL_1hr","Down"
"Ptprd",0.504025452301865,0.158206481108175,0.762,0.708,1,"Ptprd","OPCs","PTZvsSAL_1hr","Up"
"Sorbs1",0.50467866326161,-0.307793143907532,0.248,0.26,1,"Sorbs1","OPCs","PTZvsSAL_1hr","Down"
"Rbm39",0.506720779352005,-0.110438439862363,0.623,0.599,1,"Rbm39","OPCs","PTZvsSAL_1hr","Down"
"Thoc2",0.511313297649369,-0.16654375884395,0.341,0.359,1,"Thoc2","OPCs","PTZvsSAL_1hr","Down"
"Fmnl2",0.513886545028664,0.0237274829330596,0.453,0.396,1,"Fmnl2","OPCs","PTZvsSAL_1hr","Up"
"Jakmip2",0.517639924259348,-0.118759569103822,0.263,0.224,1,"Jakmip2","OPCs","PTZvsSAL_1hr","Down"
"Nsd2",0.519202956376816,-0.446849819326259,0.275,0.276,1,"Nsd2","OPCs","PTZvsSAL_1hr","Down"
"Lims1",0.52002390212177,0.0429315694314018,0.27,0.234,1,"Lims1","OPCs","PTZvsSAL_1hr","Up"
"Zranb2",0.520348258455903,-0.126786741895286,0.273,0.234,1,"Zranb2","OPCs","PTZvsSAL_1hr","Down"
"Ptprg",0.52584261179671,-0.108544853578744,0.873,0.875,1,"Ptprg","OPCs","PTZvsSAL_1hr","Down"
"Rfx3",0.527789222884189,-0.0340054497557394,0.331,0.354,1,"Rfx3","OPCs","PTZvsSAL_1hr","Down"
"Sema5b",0.528855248470618,0.131199996987097,0.333,0.297,1,"Sema5b","OPCs","PTZvsSAL_1hr","Up"
"Cacna1a",0.529951239733604,0.0141813678070253,0.338,0.281,1,"Cacna1a","OPCs","PTZvsSAL_1hr","Up"
"Rbfox2",0.533165598153872,-0.327709645157657,0.26,0.266,1,"Rbfox2","OPCs","PTZvsSAL_1hr","Down"
"Akap13",0.53370989501161,0.020271016831606,0.285,0.245,1,"Akap13","OPCs","PTZvsSAL_1hr","Up"
"Prrc2c",0.539264221277735,0.0445426597700862,0.365,0.323,1,"Prrc2c","OPCs","PTZvsSAL_1hr","Up"
"Ext1",0.541134635550623,-0.147896383374334,0.462,0.458,1,"Ext1","OPCs","PTZvsSAL_1hr","Down"
"Specc1",0.545448375645822,-0.0741410698177883,0.26,0.224,1,"Specc1","OPCs","PTZvsSAL_1hr","Down"
"Arih1",0.54574599134789,-0.102292126253808,0.324,0.266,1,"Arih1","OPCs","PTZvsSAL_1hr","Down"
"Dop1a",0.546732618463807,-0.384277848706474,0.255,0.26,1,"Dop1a","OPCs","PTZvsSAL_1hr","Down"
"Kcnd2",0.547930472661149,0.0282422232251553,1,1,1,"Kcnd2","OPCs","PTZvsSAL_1hr","Up"
"Naaladl2",0.548657769138011,0.126774496071506,0.384,0.339,1,"Naaladl2","OPCs","PTZvsSAL_1hr","Up"
"Erbb4",0.54993748718316,0.0632310169803691,0.993,0.99,1,"Erbb4","OPCs","PTZvsSAL_1hr","Up"
"Pcdh15",0.550271899655024,-0.0149988493295741,0.985,0.984,1,"Pcdh15","OPCs","PTZvsSAL_1hr","Down"
"C130071C03Rik",0.551744418624521,-0.122407753981603,0.518,0.505,1,"C130071C03Rik","OPCs","PTZvsSAL_1hr","Down"
"Wnk1",0.552170369005058,0.11703562008781,0.365,0.323,1,"Wnk1","OPCs","PTZvsSAL_1hr","Up"
"Hs6st3",0.552497009573324,-0.10283009352042,0.397,0.406,1,"Hs6st3","OPCs","PTZvsSAL_1hr","Down"
"Fat3",0.55327596330061,-0.322984557086135,0.406,0.401,1,"Fat3","OPCs","PTZvsSAL_1hr","Down"
"Ptprk",0.554647227199842,-0.137840875357275,0.696,0.646,1,"Ptprk","OPCs","PTZvsSAL_1hr","Down"
"Mast2",0.558520910198181,-0.248029812612666,0.302,0.302,1,"Mast2","OPCs","PTZvsSAL_1hr","Down"
"Ppm1e",0.561804936409561,-0.23182037989946,0.445,0.427,1,"Ppm1e","OPCs","PTZvsSAL_1hr","Down"
"Lrrc7",0.562397495566141,-0.172024210220814,0.652,0.604,1,"Lrrc7","OPCs","PTZvsSAL_1hr","Down"
"Rap1gap",0.566394011146124,-0.00975349270769943,0.319,0.276,1,"Rap1gap","OPCs","PTZvsSAL_1hr","Down"
"Nell2",0.568691340407062,-0.190887762829226,0.27,0.286,1,"Nell2","OPCs","PTZvsSAL_1hr","Down"
"Prickle2",0.57159142686858,-0.168118073689319,0.316,0.323,1,"Prickle2","OPCs","PTZvsSAL_1hr","Down"
"1700025G04Rik",0.572141272197679,-0.0272089069341217,0.414,0.349,1,"1700025G04Rik","OPCs","PTZvsSAL_1hr","Down"
"Spon1",0.574407914260801,0.120367472580419,0.428,0.375,1,"Spon1","OPCs","PTZvsSAL_1hr","Up"
"Scaper",0.575722997379075,0.0222020747135168,0.35,0.312,1,"Scaper","OPCs","PTZvsSAL_1hr","Up"
"Kcnt2",0.578246680598963,-0.129345294377073,0.307,0.266,1,"Kcnt2","OPCs","PTZvsSAL_1hr","Down"
"Nlk",0.578389953973777,0.0977602498946379,0.392,0.344,1,"Nlk","OPCs","PTZvsSAL_1hr","Up"
"Vps13b",0.580590243692959,-0.0983525516870565,0.46,0.396,1,"Vps13b","OPCs","PTZvsSAL_1hr","Down"
"Ncam1",0.580669574585418,0.00553061751009132,0.754,0.677,1,"Ncam1","OPCs","PTZvsSAL_1hr","Up"
"Pdgfra",0.581404801366454,0.033858690971436,0.895,0.87,1,"Pdgfra","OPCs","PTZvsSAL_1hr","Up"
"Ptn",0.584876456201827,-0.0872943536076072,0.715,0.714,1,"Ptn","OPCs","PTZvsSAL_1hr","Down"
"Grik4",0.586639421339672,-0.237313818457577,0.409,0.396,1,"Grik4","OPCs","PTZvsSAL_1hr","Down"
"Ehbp1",0.587151625854182,-0.187366021713606,0.438,0.365,1,"Ehbp1","OPCs","PTZvsSAL_1hr","Down"
"Sema6a",0.587531769866756,-0.0145319867342035,0.324,0.286,1,"Sema6a","OPCs","PTZvsSAL_1hr","Down"
"Pnisr",0.587582014982149,0.0997552661338794,0.418,0.37,1,"Pnisr","OPCs","PTZvsSAL_1hr","Up"
"Tmcc1",0.587972374574613,-0.0187979048104192,0.36,0.312,1,"Tmcc1","OPCs","PTZvsSAL_1hr","Down"
"Vps13a",0.588136320589774,-0.395255855630969,0.255,0.255,1,"Vps13a","OPCs","PTZvsSAL_1hr","Down"
"Tnik",0.589892406176062,-0.0146236235282964,0.679,0.63,1,"Tnik","OPCs","PTZvsSAL_1hr","Down"
"Aff4",0.590846920378126,-0.267600538390266,0.275,0.281,1,"Aff4","OPCs","PTZvsSAL_1hr","Down"
"Ppp1r12b",0.591613597098124,-0.0405187479193277,0.258,0.229,1,"Ppp1r12b","OPCs","PTZvsSAL_1hr","Down"
"Ptprj",0.594768485970142,-0.0107161207969779,0.307,0.266,1,"Ptprj","OPCs","PTZvsSAL_1hr","Down"
"Kif1b",0.596639365578619,-0.187473871187338,0.467,0.453,1,"Kif1b","OPCs","PTZvsSAL_1hr","Down"
"Snx25",0.606827049029582,-0.154849934712178,0.311,0.312,1,"Snx25","OPCs","PTZvsSAL_1hr","Down"
"Smarca2",0.607384304643125,-0.186370852497761,0.253,0.219,1,"Smarca2","OPCs","PTZvsSAL_1hr","Down"
"Nfia",0.607426188022636,0.0101034581910997,0.706,0.646,1,"Nfia","OPCs","PTZvsSAL_1hr","Up"
"Atxn1",0.608316274610657,-0.213122953054352,0.275,0.281,1,"Atxn1","OPCs","PTZvsSAL_1hr","Down"
"2610035D17Rik",0.611979324585542,-0.261074121645156,0.392,0.375,1,"2610035D17Rik","OPCs","PTZvsSAL_1hr","Down"
"Tns3",0.612095038156084,-0.00987858411999953,0.328,0.292,1,"Tns3","OPCs","PTZvsSAL_1hr","Down"
"Atp8a1",0.615242889772699,0.034855609037179,0.304,0.276,1,"Atp8a1","OPCs","PTZvsSAL_1hr","Up"
"Kcnma1",0.615590027880724,-0.107056719638503,0.526,0.51,1,"Kcnma1","OPCs","PTZvsSAL_1hr","Down"
"Smg7",0.618750835449063,-0.133270888943782,0.258,0.219,1,"Smg7","OPCs","PTZvsSAL_1hr","Down"
"Lcorl",0.621016547323497,-0.206786956879258,0.433,0.406,1,"Lcorl","OPCs","PTZvsSAL_1hr","Down"
"Gphn",0.622713929888826,-0.139530099633218,0.742,0.708,1,"Gphn","OPCs","PTZvsSAL_1hr","Down"
"Plppr5",0.62298688367063,-0.0843325423808732,0.428,0.417,1,"Plppr5","OPCs","PTZvsSAL_1hr","Down"
"Dcx",0.624382304363848,0.190669724453861,0.253,0.229,1,"Dcx","OPCs","PTZvsSAL_1hr","Up"
"Robo1",0.624510719300168,-0.1098153684912,0.72,0.714,1,"Robo1","OPCs","PTZvsSAL_1hr","Down"
"Snap91",0.63075852448527,0.142104099910243,0.411,0.375,1,"Snap91","OPCs","PTZvsSAL_1hr","Up"
"Srrm2",0.631041657506304,0.0642787679300083,0.54,0.484,1,"Srrm2","OPCs","PTZvsSAL_1hr","Up"
"Prkcb",0.631703200183188,0.0932935814705704,0.667,0.604,1,"Prkcb","OPCs","PTZvsSAL_1hr","Up"
"Dpp6",0.631753384586128,-0.0346355219501593,0.713,0.719,1,"Dpp6","OPCs","PTZvsSAL_1hr","Down"
"Adgrb3",0.63698964850253,-0.0433759759579209,0.983,0.979,1,"Adgrb3","OPCs","PTZvsSAL_1hr","Down"
"Astn1",0.638239596673858,-0.0650731623281704,0.54,0.484,1,"Astn1","OPCs","PTZvsSAL_1hr","Down"
"Eef1a1",0.641047997798845,-0.242064136837587,0.255,0.255,1,"Eef1a1","OPCs","PTZvsSAL_1hr","Down"
"Sf3b1",0.642019652423479,-0.0395606683417034,0.341,0.302,1,"Sf3b1","OPCs","PTZvsSAL_1hr","Down"
"Cacna2d3",0.642197793528235,-0.343528043395191,0.341,0.323,1,"Cacna2d3","OPCs","PTZvsSAL_1hr","Down"
"Dlg1",0.642404768279645,0.027082709106274,0.397,0.344,1,"Dlg1","OPCs","PTZvsSAL_1hr","Up"
"Tcf12",0.643705678824411,-0.0754548184235575,0.633,0.63,1,"Tcf12","OPCs","PTZvsSAL_1hr","Down"
"Dlgap1",0.645163983653584,0.0169074255106434,0.871,0.839,1,"Dlgap1","OPCs","PTZvsSAL_1hr","Up"
"Hdac8",0.648212192442814,-0.0990942852614918,0.273,0.229,1,"Hdac8","OPCs","PTZvsSAL_1hr","Down"
"Thsd7a",0.649003655786903,0.0340475207802799,0.528,0.453,1,"Thsd7a","OPCs","PTZvsSAL_1hr","Up"
"Cask",0.649521791768301,0.131578320908508,0.647,0.62,1,"Cask","OPCs","PTZvsSAL_1hr","Up"
"Zdhhc2",0.651422702527548,-0.140553217077213,0.314,0.312,1,"Zdhhc2","OPCs","PTZvsSAL_1hr","Down"
"Rabgap1l",0.652202690409483,-0.150163894023831,0.564,0.521,1,"Rabgap1l","OPCs","PTZvsSAL_1hr","Down"
"Mef2a",0.65228854118936,0.0289269671430993,0.294,0.266,1,"Mef2a","OPCs","PTZvsSAL_1hr","Up"
"Cttnbp2",0.653365523441786,-0.0686320323442247,0.489,0.479,1,"Cttnbp2","OPCs","PTZvsSAL_1hr","Down"
"Mllt10",0.654771113551008,-0.258001497386485,0.394,0.365,1,"Mllt10","OPCs","PTZvsSAL_1hr","Down"
"Gria4",0.656175414297822,-0.0639476935675547,0.698,0.661,1,"Gria4","OPCs","PTZvsSAL_1hr","Down"
"Dpyd",0.657571174468158,-0.0336611459680403,0.54,0.505,1,"Dpyd","OPCs","PTZvsSAL_1hr","Down"
"Smarcc1",0.657584805533769,-0.243010578417837,0.241,0.25,1,"Smarcc1","OPCs","PTZvsSAL_1hr","Down"
"Hipk2",0.658300027644588,-0.0111361939678518,0.316,0.281,1,"Hipk2","OPCs","PTZvsSAL_1hr","Down"
"St6galnac3",0.658356878157962,-0.0379807523858975,0.409,0.359,1,"St6galnac3","OPCs","PTZvsSAL_1hr","Down"
"Eif4g3",0.658716124002905,0.0410609915223392,0.545,0.49,1,"Eif4g3","OPCs","PTZvsSAL_1hr","Up"
"Sorbs2",0.65919867971702,-0.232448410418116,0.443,0.417,1,"Sorbs2","OPCs","PTZvsSAL_1hr","Down"
"Gria2",0.660799526624416,-0.0336689426301371,0.968,0.938,1,"Gria2","OPCs","PTZvsSAL_1hr","Down"
"Kcnip1",0.662517801883113,-0.151415743357358,0.268,0.229,1,"Kcnip1","OPCs","PTZvsSAL_1hr","Down"
"Crebbp",0.663481109310785,0.0555590064358278,0.365,0.318,1,"Crebbp","OPCs","PTZvsSAL_1hr","Up"
"Cntn1",0.663578557735917,0.0424968517116562,0.864,0.828,1,"Cntn1","OPCs","PTZvsSAL_1hr","Up"
"Arhgef3",0.665174854577716,-0.457743446023845,0.268,0.271,1,"Arhgef3","OPCs","PTZvsSAL_1hr","Down"
"Actb",0.67010998517719,-0.340681732446315,0.27,0.26,1,"Actb","OPCs","PTZvsSAL_1hr","Down"
"Gm3764",0.670476288806539,-0.00566640753386949,0.842,0.812,1,"Gm3764","OPCs","PTZvsSAL_1hr","Down"
"Srsf11",0.671656879086969,0.0375829960283018,0.365,0.328,1,"Srsf11","OPCs","PTZvsSAL_1hr","Up"
"Pias2",0.673045323128955,0.0103444849065306,0.292,0.255,1,"Pias2","OPCs","PTZvsSAL_1hr","Up"
"Sgip1",0.673048984216707,-0.119794194079493,0.409,0.359,1,"Sgip1","OPCs","PTZvsSAL_1hr","Down"
"Dok6",0.673264796680384,-0.0846651806682606,0.652,0.604,1,"Dok6","OPCs","PTZvsSAL_1hr","Down"
"Ralgapa2",0.67369885716776,-0.105470463916969,0.273,0.24,1,"Ralgapa2","OPCs","PTZvsSAL_1hr","Down"
"Mycbp2",0.675079203746578,-0.0641386748371913,0.647,0.63,1,"Mycbp2","OPCs","PTZvsSAL_1hr","Down"
"Ralyl",0.675455124965331,-0.183516812929317,0.533,0.458,1,"Ralyl","OPCs","PTZvsSAL_1hr","Down"
"Gmds",0.678965903350371,-0.215402382534128,0.377,0.37,1,"Gmds","OPCs","PTZvsSAL_1hr","Down"
"Ptbp2",0.681958530973506,0.0735033465145363,0.662,0.615,1,"Ptbp2","OPCs","PTZvsSAL_1hr","Up"
"Tspan7",0.685223191677864,-0.13302201473017,0.302,0.276,1,"Tspan7","OPCs","PTZvsSAL_1hr","Down"
"Atp9b",0.686322800814765,-0.290603881199669,0.299,0.25,1,"Atp9b","OPCs","PTZvsSAL_1hr","Down"
"Tsc22d1",0.690433634068111,-0.201695377690267,0.326,0.276,1,"Tsc22d1","OPCs","PTZvsSAL_1hr","Down"
"Ank3",0.692077854493059,-0.259436705249706,0.63,0.542,1,"Ank3","OPCs","PTZvsSAL_1hr","Down"
"mt-Nd4",0.693289497454709,-0.0357417191303686,0.392,0.349,1,"mt-Nd4","OPCs","PTZvsSAL_1hr","Down"
"Tuba1a",0.693886730346185,-0.0828047130877549,0.462,0.464,1,"Tuba1a","OPCs","PTZvsSAL_1hr","Down"
"Vxn",0.695600285919446,0.151415741447246,0.297,0.276,1,"Vxn","OPCs","PTZvsSAL_1hr","Up"
"Phlpp1",0.697655645188547,-0.00190008551053689,0.496,0.443,1,"Phlpp1","OPCs","PTZvsSAL_1hr","Down"
"Stag2",0.700804911292178,-0.338527361129294,0.253,0.25,1,"Stag2","OPCs","PTZvsSAL_1hr","Down"
"Tenm1",0.701469057794524,-0.239281662050707,0.355,0.349,1,"Tenm1","OPCs","PTZvsSAL_1hr","Down"
"Mkln1",0.704492490731312,-0.0421763670961774,0.348,0.323,1,"Mkln1","OPCs","PTZvsSAL_1hr","Down"
"Csmd2",0.704642486089624,-0.167198101707426,0.603,0.578,1,"Csmd2","OPCs","PTZvsSAL_1hr","Down"
"Ehmt1",0.705966646724378,-0.11294313139168,0.285,0.25,1,"Ehmt1","OPCs","PTZvsSAL_1hr","Down"
"Ssbp2",0.710606942455361,0.00759284024980622,0.372,0.339,1,"Ssbp2","OPCs","PTZvsSAL_1hr","Up"
"Zeb2",0.71071331344729,-0.107630352930678,0.455,0.453,1,"Zeb2","OPCs","PTZvsSAL_1hr","Down"
"Dner",0.710758373764614,0.023580441985299,0.504,0.443,1,"Dner","OPCs","PTZvsSAL_1hr","Up"
"Grin3a",0.711493649889312,-0.0837210455551975,0.443,0.396,1,"Grin3a","OPCs","PTZvsSAL_1hr","Down"
"Tln2",0.711556692261548,-0.0690132783660242,0.299,0.266,1,"Tln2","OPCs","PTZvsSAL_1hr","Down"
"Ranbp17",0.712634227589339,-0.110504961084168,0.253,0.224,1,"Ranbp17","OPCs","PTZvsSAL_1hr","Down"
"Chd7",0.712766141987426,-0.00951591040860178,0.579,0.516,1,"Chd7","OPCs","PTZvsSAL_1hr","Down"
"Ppfia2",0.713170092159938,-0.0483413060410962,0.625,0.604,1,"Ppfia2","OPCs","PTZvsSAL_1hr","Down"
"Stag1",0.713256335888489,-0.0730068999396827,0.56,0.469,1,"Stag1","OPCs","PTZvsSAL_1hr","Down"
"Tmtc2",0.715802521037322,-0.341277574706576,0.389,0.375,1,"Tmtc2","OPCs","PTZvsSAL_1hr","Down"
"Dab1",0.716639405525689,-0.0455548179033105,0.676,0.625,1,"Dab1","OPCs","PTZvsSAL_1hr","Down"
"Zfp292",0.719421095679829,-0.275489182483645,0.253,0.25,1,"Zfp292","OPCs","PTZvsSAL_1hr","Down"
"Jazf1",0.720307462972841,-0.212534247535855,0.273,0.266,1,"Jazf1","OPCs","PTZvsSAL_1hr","Down"
"Setbp1",0.725490497478035,-0.197299380756899,0.416,0.406,1,"Setbp1","OPCs","PTZvsSAL_1hr","Down"
"Armh4",0.727923970108052,-0.0835129656394304,0.282,0.255,1,"Armh4","OPCs","PTZvsSAL_1hr","Down"
"Sorcs1",0.729477415242219,0.0316196475136885,0.625,0.578,1,"Sorcs1","OPCs","PTZvsSAL_1hr","Up"
"Susd4",0.729628632776831,-0.227819821686997,0.246,0.25,1,"Susd4","OPCs","PTZvsSAL_1hr","Down"
"Kcnh5",0.73007074079636,-0.0286626271740267,0.314,0.276,1,"Kcnh5","OPCs","PTZvsSAL_1hr","Down"
"Pclo",0.731050740724575,-0.293732702382621,0.384,0.365,1,"Pclo","OPCs","PTZvsSAL_1hr","Down"
"Galnt13",0.731516445844593,-0.076889516944449,0.698,0.641,1,"Galnt13","OPCs","PTZvsSAL_1hr","Down"
"Srsf5",0.735406949310071,-0.223149156299518,0.311,0.271,1,"Srsf5","OPCs","PTZvsSAL_1hr","Down"
"Pard3",0.738697283916718,-0.277767461312792,0.37,0.339,1,"Pard3","OPCs","PTZvsSAL_1hr","Down"
"Ppp2r2b",0.740195197308895,-0.0165531878663026,0.805,0.812,1,"Ppp2r2b","OPCs","PTZvsSAL_1hr","Down"
"Trps1",0.741201454425036,-0.0653898755785152,0.489,0.448,1,"Trps1","OPCs","PTZvsSAL_1hr","Down"
"Tcf7l2",0.741226454440273,-0.0185846808713473,0.258,0.229,1,"Tcf7l2","OPCs","PTZvsSAL_1hr","Down"
"Dyrk1a",0.741687676995217,-0.094067312551797,0.275,0.276,1,"Dyrk1a","OPCs","PTZvsSAL_1hr","Down"
"Raph1",0.742042475242328,-0.246387296512238,0.27,0.234,1,"Raph1","OPCs","PTZvsSAL_1hr","Down"
"Lrfn5",0.745407878564211,-0.000878200747350455,0.533,0.536,1,"Lrfn5","OPCs","PTZvsSAL_1hr","Down"
"Atrx",0.747285271140449,-0.0246008809157199,0.506,0.438,1,"Atrx","OPCs","PTZvsSAL_1hr","Down"
"Spred1",0.747647642881265,-0.10021204282761,0.384,0.323,1,"Spred1","OPCs","PTZvsSAL_1hr","Down"
"Zbtb20",0.749173158627477,-0.0534245650558152,0.786,0.818,1,"Zbtb20","OPCs","PTZvsSAL_1hr","Down"
"Gsap",0.749519217626464,-0.329764469969173,0.297,0.276,1,"Gsap","OPCs","PTZvsSAL_1hr","Down"
"Syn2",0.75176540596007,0.0305232436454073,0.448,0.401,1,"Syn2","OPCs","PTZvsSAL_1hr","Up"
"Phf20l1",0.751957483301353,-0.104700906080669,0.418,0.375,1,"Phf20l1","OPCs","PTZvsSAL_1hr","Down"
"Ptprn2",0.752017198888627,-0.0634267991361621,0.392,0.354,1,"Ptprn2","OPCs","PTZvsSAL_1hr","Down"
"B3galt1",0.752446958154358,-0.0805420707876068,0.538,0.505,1,"B3galt1","OPCs","PTZvsSAL_1hr","Down"
"Prkn",0.754460075801267,-0.193347444599309,0.55,0.516,1,"Prkn","OPCs","PTZvsSAL_1hr","Down"
"Ddx17",0.754538625228617,-0.157816235119794,0.484,0.464,1,"Ddx17","OPCs","PTZvsSAL_1hr","Down"
"Epha5",0.754571998852024,-0.038098507635318,0.64,0.573,1,"Epha5","OPCs","PTZvsSAL_1hr","Down"
"Epb41",0.755003393975202,-0.198696143585956,0.251,0.245,1,"Epb41","OPCs","PTZvsSAL_1hr","Down"
"Sash1",0.759730392610018,-0.189599333346894,0.265,0.266,1,"Sash1","OPCs","PTZvsSAL_1hr","Down"
"Col19a1",0.760460934195408,-0.0383785114071653,0.297,0.312,1,"Col19a1","OPCs","PTZvsSAL_1hr","Down"
"Exoc4",0.761562750825665,-0.0949604270677682,0.667,0.625,1,"Exoc4","OPCs","PTZvsSAL_1hr","Down"
"Nsd3",0.762005979314115,-0.259208360255366,0.29,0.255,1,"Nsd3","OPCs","PTZvsSAL_1hr","Down"
"Bach2",0.762236079129827,-0.120046566684703,0.363,0.323,1,"Bach2","OPCs","PTZvsSAL_1hr","Down"
"Stk32a",0.762236681677516,-0.141430338623848,0.299,0.292,1,"Stk32a","OPCs","PTZvsSAL_1hr","Down"
"Pbx1",0.764282890472742,-0.158617152417523,0.511,0.49,1,"Pbx1","OPCs","PTZvsSAL_1hr","Down"
"Nbea",0.765030768148485,-0.0361319524421537,0.813,0.75,1,"Nbea","OPCs","PTZvsSAL_1hr","Down"
"E130307A14Rik",0.767881183299332,-0.0920764702561121,0.35,0.318,1,"E130307A14Rik","OPCs","PTZvsSAL_1hr","Down"
"Chd9",0.769550124299489,-0.127167921413976,0.404,0.349,1,"Chd9","OPCs","PTZvsSAL_1hr","Down"
"mt-Atp6",0.772141540872117,0.122353529994954,0.528,0.484,1,"mt-Atp6","OPCs","PTZvsSAL_1hr","Up"
"Unc5c",0.772689289385921,-0.0195827215303375,0.757,0.755,1,"Unc5c","OPCs","PTZvsSAL_1hr","Down"
"Dpp10",0.773767839491375,-0.0495733515763401,0.813,0.766,1,"Dpp10","OPCs","PTZvsSAL_1hr","Down"
"Epn2",0.774058820125706,-0.0801499820284137,0.856,0.812,1,"Epn2","OPCs","PTZvsSAL_1hr","Down"
"Hspa8",0.776138224371513,-0.524532403522767,0.251,0.234,1,"Hspa8","OPCs","PTZvsSAL_1hr","Down"
"Cnot2",0.777428308823916,-0.00121404881162679,0.377,0.344,1,"Cnot2","OPCs","PTZvsSAL_1hr","Down"
"Senp7",0.781920811276593,-0.0560644304856173,0.326,0.292,1,"Senp7","OPCs","PTZvsSAL_1hr","Down"
"mt-Co2",0.783691125633006,0.109732432936221,0.555,0.521,1,"mt-Co2","OPCs","PTZvsSAL_1hr","Up"
"Strbp",0.784937329449222,-0.153758576653664,0.455,0.427,1,"Strbp","OPCs","PTZvsSAL_1hr","Down"
"Ntrk2",0.785933407314283,0.0576377965785664,0.516,0.469,1,"Ntrk2","OPCs","PTZvsSAL_1hr","Up"
"Nsd1",0.787021472741282,0.0299772649909191,0.348,0.323,1,"Nsd1","OPCs","PTZvsSAL_1hr","Up"
"Pcdh17",0.794390458899363,-0.114166261888106,0.457,0.438,1,"Pcdh17","OPCs","PTZvsSAL_1hr","Down"
"Fam193a",0.794588533772541,-0.0474339762368061,0.294,0.292,1,"Fam193a","OPCs","PTZvsSAL_1hr","Down"
"Ankrd28",0.794941863462595,-0.0500108846766047,0.582,0.516,1,"Ankrd28","OPCs","PTZvsSAL_1hr","Down"
"Fam49b",0.795039138340129,-0.0635866405920753,0.287,0.266,1,"Fam49b","OPCs","PTZvsSAL_1hr","Down"
"Tbc1d5",0.797127883779406,0.0233317814095488,0.552,0.5,1,"Tbc1d5","OPCs","PTZvsSAL_1hr","Up"
"Phf21a",0.797138945215828,-0.126556710445749,0.453,0.411,1,"Phf21a","OPCs","PTZvsSAL_1hr","Down"
"Pde7b",0.797286942107124,-0.191239275522219,0.487,0.438,1,"Pde7b","OPCs","PTZvsSAL_1hr","Down"
"Pcm1",0.798177563907537,-0.127126131572906,0.343,0.312,1,"Pcm1","OPCs","PTZvsSAL_1hr","Down"
"Ssh2",0.799425762600144,-0.143193835076666,0.35,0.339,1,"Ssh2","OPCs","PTZvsSAL_1hr","Down"
"Ascc3",0.800240788189778,-0.114983774269921,0.273,0.24,1,"Ascc3","OPCs","PTZvsSAL_1hr","Down"
"Slc8a1",0.800609644112003,-0.0829887590775802,0.572,0.557,1,"Slc8a1","OPCs","PTZvsSAL_1hr","Down"
"St7",0.800920861479858,0.0720586372620464,0.282,0.26,1,"St7","OPCs","PTZvsSAL_1hr","Up"
"Tut4",0.804498721859547,0.0349273528379033,0.387,0.37,1,"Tut4","OPCs","PTZvsSAL_1hr","Up"
"Unc80",0.80524927777617,-0.0556825478449958,0.319,0.286,1,"Unc80","OPCs","PTZvsSAL_1hr","Down"
"Hivep2",0.805393098128764,-0.0597429293048471,0.258,0.26,1,"Hivep2","OPCs","PTZvsSAL_1hr","Down"
"Gm9801",0.805622076685098,-0.0872373242607414,0.277,0.255,1,"Gm9801","OPCs","PTZvsSAL_1hr","Down"
"Mir100hg",0.805687097506422,-0.181304486670951,0.384,0.339,1,"Mir100hg","OPCs","PTZvsSAL_1hr","Down"
"Son",0.80646790299419,-0.143793626760876,0.618,0.552,1,"Son","OPCs","PTZvsSAL_1hr","Down"
"Ube3a",0.807864016138263,-0.245010896730961,0.397,0.365,1,"Ube3a","OPCs","PTZvsSAL_1hr","Down"
"Dscaml1",0.808195270859931,-0.0348736930903941,0.613,0.557,1,"Dscaml1","OPCs","PTZvsSAL_1hr","Down"
"Nf1",0.809265293424016,-0.00602881353666174,0.701,0.698,1,"Nf1","OPCs","PTZvsSAL_1hr","Down"
"Dmd",0.810487489882207,0.0278258641775775,0.886,0.87,1,"Dmd","OPCs","PTZvsSAL_1hr","Up"
"Clcn3",0.810868628799056,-0.227338208288696,0.26,0.26,1,"Clcn3","OPCs","PTZvsSAL_1hr","Down"
"Rtn3",0.811139831544203,-0.0867040248589146,0.389,0.349,1,"Rtn3","OPCs","PTZvsSAL_1hr","Down"
"Cep170",0.812277078834984,-0.0687353034613425,0.309,0.276,1,"Cep170","OPCs","PTZvsSAL_1hr","Down"
"Sez6l",0.813536957800158,-0.400963248363638,0.285,0.266,1,"Sez6l","OPCs","PTZvsSAL_1hr","Down"
"Asic2",0.813589580829797,-0.069442219745913,0.599,0.573,1,"Asic2","OPCs","PTZvsSAL_1hr","Down"
"Grm7",0.815156878308797,-0.0908299588626504,0.387,0.349,1,"Grm7","OPCs","PTZvsSAL_1hr","Down"
"Rpl13",0.81718427493205,-0.088141553030507,0.309,0.281,1,"Rpl13","OPCs","PTZvsSAL_1hr","Down"
"Srsf1",0.817184278670635,-0.0963460453740355,0.309,0.281,1,"Srsf1","OPCs","PTZvsSAL_1hr","Down"
"Egfem1",0.817262885684085,-0.0486083894934177,0.474,0.448,1,"Egfem1","OPCs","PTZvsSAL_1hr","Down"
"Exoc6b",0.817398615795218,-0.0769271438421577,0.438,0.396,1,"Exoc6b","OPCs","PTZvsSAL_1hr","Down"
"Tbl1xr1",0.81766510400334,-0.207109147279836,0.307,0.286,1,"Tbl1xr1","OPCs","PTZvsSAL_1hr","Down"
"Vti1a",0.817837548188864,-0.130861535304703,0.27,0.245,1,"Vti1a","OPCs","PTZvsSAL_1hr","Down"
"Gls",0.821233777319701,0.0388066090004704,0.414,0.385,1,"Gls","OPCs","PTZvsSAL_1hr","Up"
"Agrn",0.821313451391794,0.0286026279941991,0.28,0.26,1,"Agrn","OPCs","PTZvsSAL_1hr","Up"
"Hnrnpr",0.822060328744558,-0.019391228943645,0.255,0.24,1,"Hnrnpr","OPCs","PTZvsSAL_1hr","Down"
"Myt1",0.826516074746393,0.0024177589734502,0.684,0.646,1,"Myt1","OPCs","PTZvsSAL_1hr","Up"
"Scn1a",0.827811044975581,-0.287949326444131,0.27,0.26,1,"Scn1a","OPCs","PTZvsSAL_1hr","Down"
"Herc1",0.828885104115115,0.0467205319759056,0.56,0.526,1,"Herc1","OPCs","PTZvsSAL_1hr","Up"
"Pias1",0.828945947952156,-0.207935678989282,0.251,0.24,1,"Pias1","OPCs","PTZvsSAL_1hr","Down"
"Fgf14",0.830150419298829,-0.0240171608604998,0.971,0.958,1,"Fgf14","OPCs","PTZvsSAL_1hr","Down"
"Cspp1",0.837613285702224,-0.0912372058523262,0.255,0.234,1,"Cspp1","OPCs","PTZvsSAL_1hr","Down"
"Edil3",0.838680496744974,-0.0675432996411165,0.538,0.479,1,"Edil3","OPCs","PTZvsSAL_1hr","Down"
"Nrxn1",0.839555288860089,0.00730399926852332,1,1,1,"Nrxn1","OPCs","PTZvsSAL_1hr","Up"
"Csmd1",0.842890616397629,-0.044756736861788,0.99,0.995,1,"Csmd1","OPCs","PTZvsSAL_1hr","Down"
"Dnm3",0.845294115604467,-0.0443528297488518,0.679,0.635,1,"Dnm3","OPCs","PTZvsSAL_1hr","Down"
"Jmjd1c",0.845637543449306,-0.144697022699471,0.586,0.542,1,"Jmjd1c","OPCs","PTZvsSAL_1hr","Down"
"Shisa6",0.847656274420436,-0.0274508335756427,0.363,0.333,1,"Shisa6","OPCs","PTZvsSAL_1hr","Down"
"Dzip3",0.851476145224466,-0.295031164735492,0.294,0.276,1,"Dzip3","OPCs","PTZvsSAL_1hr","Down"
"Smg6",0.853196789038048,-0.144780435221134,0.273,0.271,1,"Smg6","OPCs","PTZvsSAL_1hr","Down"
"Ntm",0.855069603141758,-0.0852870535879404,0.964,0.922,1,"Ntm","OPCs","PTZvsSAL_1hr","Down"
"Ptk2",0.855947519888053,-0.107732050869044,0.416,0.375,1,"Ptk2","OPCs","PTZvsSAL_1hr","Down"
"Rbms3",0.857670336917747,-0.29489533656052,0.35,0.339,1,"Rbms3","OPCs","PTZvsSAL_1hr","Down"
"Uty",0.860296934730579,0.0123079326583124,0.411,0.375,1,"Uty","OPCs","PTZvsSAL_1hr","Up"
"Fut8",0.861837711186179,-0.120695371234745,0.297,0.276,1,"Fut8","OPCs","PTZvsSAL_1hr","Down"
"Kif13a",0.862806557767141,-0.184063274146761,0.394,0.37,1,"Kif13a","OPCs","PTZvsSAL_1hr","Down"
"Ppp1r12a",0.8717644430296,-0.0853153620156719,0.384,0.359,1,"Ppp1r12a","OPCs","PTZvsSAL_1hr","Down"
"Fbn2",0.872135921278051,-0.121752993385814,0.268,0.245,1,"Fbn2","OPCs","PTZvsSAL_1hr","Down"
"Wdfy3",0.872407242702713,-0.00247169353394328,0.338,0.323,1,"Wdfy3","OPCs","PTZvsSAL_1hr","Down"
"Dst",0.872551657820991,-0.0565343016904767,0.511,0.5,1,"Dst","OPCs","PTZvsSAL_1hr","Down"
"Gigyf2",0.87653482346532,-0.208276583279813,0.27,0.25,1,"Gigyf2","OPCs","PTZvsSAL_1hr","Down"
"Tnrc6a",0.878404239948545,-0.0767753201365675,0.309,0.302,1,"Tnrc6a","OPCs","PTZvsSAL_1hr","Down"
"Hook3",0.880610709873026,-0.22387723366535,0.297,0.26,1,"Hook3","OPCs","PTZvsSAL_1hr","Down"
"Fyn",0.882988524289898,-0.101509182641677,0.455,0.411,1,"Fyn","OPCs","PTZvsSAL_1hr","Down"
"Arnt2",0.883941940305913,-0.231734861297587,0.27,0.255,1,"Arnt2","OPCs","PTZvsSAL_1hr","Down"
"mt-Co3",0.894114882452853,0.235052337596359,0.708,0.714,1,"mt-Co3","OPCs","PTZvsSAL_1hr","Up"
"Plpp4",0.895968974759748,-0.25696163863565,0.331,0.307,1,"Plpp4","OPCs","PTZvsSAL_1hr","Down"
"Hnrnpdl",0.896530894229859,-0.0157177457155839,0.375,0.37,1,"Hnrnpdl","OPCs","PTZvsSAL_1hr","Down"
"Cpsf6",0.897434855857486,-0.02311984203928,0.538,0.49,1,"Cpsf6","OPCs","PTZvsSAL_1hr","Down"
"Olig2",0.900895691694452,-0.133397397356899,0.263,0.255,1,"Olig2","OPCs","PTZvsSAL_1hr","Down"
"Slc4a10",0.903010126666506,-0.122155118271163,0.433,0.406,1,"Slc4a10","OPCs","PTZvsSAL_1hr","Down"
"Zfp638",0.90307877857197,-0.0996740355332835,0.384,0.365,1,"Zfp638","OPCs","PTZvsSAL_1hr","Down"
"Dclk2",0.904314414078978,-0.242156386437597,0.316,0.292,1,"Dclk2","OPCs","PTZvsSAL_1hr","Down"
"Srsf2",0.904822983128613,0.059547410050266,0.292,0.286,1,"Srsf2","OPCs","PTZvsSAL_1hr","Up"
"Pde4b",0.909033562828415,0.0643106294226072,0.815,0.818,1,"Pde4b","OPCs","PTZvsSAL_1hr","Up"
"Ddhd1",0.90949968833331,-0.136812818936694,0.292,0.271,1,"Ddhd1","OPCs","PTZvsSAL_1hr","Down"
"Parp8",0.910950754559384,-0.0956668280485713,0.384,0.359,1,"Parp8","OPCs","PTZvsSAL_1hr","Down"
"Stau2",0.912608741517779,-0.0656865201076378,0.28,0.271,1,"Stau2","OPCs","PTZvsSAL_1hr","Down"
"Fto",0.91284096414442,-0.121220873030001,0.292,0.281,1,"Fto","OPCs","PTZvsSAL_1hr","Down"
"Nfib",0.914702802278582,0.0196103013154332,0.533,0.5,1,"Nfib","OPCs","PTZvsSAL_1hr","Up"
"Ubr3",0.918122623304225,-0.138395757529646,0.472,0.417,1,"Ubr3","OPCs","PTZvsSAL_1hr","Down"
"Enox1",0.918276802004216,-0.290419718745606,0.273,0.245,1,"Enox1","OPCs","PTZvsSAL_1hr","Down"
"Kcnb2",0.919283932975091,0.030106087780839,0.45,0.438,1,"Kcnb2","OPCs","PTZvsSAL_1hr","Up"
"Prkd1",0.926308266512168,0.0255784551243314,0.426,0.411,1,"Prkd1","OPCs","PTZvsSAL_1hr","Up"
"Fam172a",0.927316394151612,0.106129148197986,0.491,0.474,1,"Fam172a","OPCs","PTZvsSAL_1hr","Up"
"Igf1r",0.928746175753637,-0.0430625716554369,0.343,0.312,1,"Igf1r","OPCs","PTZvsSAL_1hr","Down"
"Aff2",0.931896537851723,-0.110385877312221,0.331,0.307,1,"Aff2","OPCs","PTZvsSAL_1hr","Down"
"Gabrb3",0.933684978982178,-0.134528558246657,0.443,0.396,1,"Gabrb3","OPCs","PTZvsSAL_1hr","Down"
"Cacna2d1",0.933707755043552,-0.0517980665631528,0.321,0.323,1,"Cacna2d1","OPCs","PTZvsSAL_1hr","Down"
"Prrc2b",0.934956045265758,-0.115379516261568,0.265,0.25,1,"Prrc2b","OPCs","PTZvsSAL_1hr","Down"
"Zfp609",0.935131878436932,-0.138328384587681,0.258,0.245,1,"Zfp609","OPCs","PTZvsSAL_1hr","Down"
"Taf15",0.936131407320802,-0.278464911580182,0.292,0.276,1,"Taf15","OPCs","PTZvsSAL_1hr","Down"
"Nedd4",0.937920626292553,-0.144770659889603,0.37,0.344,1,"Nedd4","OPCs","PTZvsSAL_1hr","Down"
"Nckap1",0.940558366209121,-0.201181762417616,0.397,0.354,1,"Nckap1","OPCs","PTZvsSAL_1hr","Down"
"Kat6b",0.944119174110185,-0.0139436110129572,0.27,0.266,1,"Kat6b","OPCs","PTZvsSAL_1hr","Down"
"Ptpro",0.947445197891793,-0.269125192975891,0.307,0.286,1,"Ptpro","OPCs","PTZvsSAL_1hr","Down"
"Zcchc7",0.949205016430205,-0.0550170034418911,0.47,0.438,1,"Zcchc7","OPCs","PTZvsSAL_1hr","Down"
"Enpp2",0.949233826330032,-0.201564074866579,0.457,0.417,1,"Enpp2","OPCs","PTZvsSAL_1hr","Down"
"Baz2b",0.949979975140289,-0.110398912760389,0.394,0.365,1,"Baz2b","OPCs","PTZvsSAL_1hr","Down"
"Lpp",0.950479775547446,-0.249861479152686,0.343,0.302,1,"Lpp","OPCs","PTZvsSAL_1hr","Down"
"Dgkb",0.952903969317876,-0.13578806799257,0.499,0.464,1,"Dgkb","OPCs","PTZvsSAL_1hr","Down"
"Khdrbs2",0.954227211651502,-0.122221281619134,0.499,0.469,1,"Khdrbs2","OPCs","PTZvsSAL_1hr","Down"
"Prpf39",0.956132470198279,-0.235688216442377,0.253,0.234,1,"Prpf39","OPCs","PTZvsSAL_1hr","Down"
"Nrg1",0.961888592323153,0.277946384306674,0.448,0.458,1,"Nrg1","OPCs","PTZvsSAL_1hr","Up"
"Adam12",0.963120405236316,-0.0832817144240516,0.377,0.365,1,"Adam12","OPCs","PTZvsSAL_1hr","Down"
"Xkr4",0.966301488553073,-0.170897722592897,0.618,0.568,1,"Xkr4","OPCs","PTZvsSAL_1hr","Down"
"Kcnip4",0.968890461833546,0.0675371160783658,0.353,0.333,1,"Kcnip4","OPCs","PTZvsSAL_1hr","Up"
"Serpine2",0.971517557727944,0.00547048570378061,0.564,0.542,1,"Serpine2","OPCs","PTZvsSAL_1hr","Up"
"Nol4",0.971839053983284,-0.140850862847022,0.501,0.464,1,"Nol4","OPCs","PTZvsSAL_1hr","Down"
"Ryr2",0.972201303466688,-0.00925530588204015,0.285,0.271,1,"Ryr2","OPCs","PTZvsSAL_1hr","Down"
"Ncor1",0.976027552406109,-0.190256009418259,0.474,0.432,1,"Ncor1","OPCs","PTZvsSAL_1hr","Down"
"Cntn4",0.976047936463371,-0.0488038117597491,0.783,0.76,1,"Cntn4","OPCs","PTZvsSAL_1hr","Down"
"Nrcam",0.977057958769198,0.0202697021227318,0.399,0.38,1,"Nrcam","OPCs","PTZvsSAL_1hr","Up"
"Unc13c",0.97736912689128,-0.224054190317066,0.345,0.312,1,"Unc13c","OPCs","PTZvsSAL_1hr","Down"
"Zfp280d",0.97799077595761,-0.0975444776404977,0.45,0.427,1,"Zfp280d","OPCs","PTZvsSAL_1hr","Down"
"Tra2a",0.978970301511504,-0.0854774911417,0.341,0.312,1,"Tra2a","OPCs","PTZvsSAL_1hr","Down"
"Pbrm1",0.981449198384168,-0.0894265333781017,0.328,0.312,1,"Pbrm1","OPCs","PTZvsSAL_1hr","Down"
"Sptbn1",0.981746942750242,-0.232694333706416,0.273,0.255,1,"Sptbn1","OPCs","PTZvsSAL_1hr","Down"
"Ctnnd2",0.981783980550546,-0.0263878945181242,0.942,0.948,1,"Ctnnd2","OPCs","PTZvsSAL_1hr","Down"
"Ambra1",0.983427073843282,-0.378266847717388,0.309,0.276,1,"Ambra1","OPCs","PTZvsSAL_1hr","Down"
"Dmxl1",0.983733749034696,-0.112436663519321,0.384,0.375,1,"Dmxl1","OPCs","PTZvsSAL_1hr","Down"
"mt-Nd1",0.983846375307879,-0.0124448292888655,0.418,0.396,1,"mt-Nd1","OPCs","PTZvsSAL_1hr","Down"
"Shisa9",0.984505715058954,-0.246258970626682,0.27,0.25,1,"Shisa9","OPCs","PTZvsSAL_1hr","Down"
"Nfat5",0.985405693506527,-0.1668730869004,0.304,0.286,1,"Nfat5","OPCs","PTZvsSAL_1hr","Down"
"Samd12",0.985726942417855,-0.136673893228924,0.28,0.26,1,"Samd12","OPCs","PTZvsSAL_1hr","Down"
"Camk1d",0.985865008175251,-0.295142555934946,0.401,0.359,1,"Camk1d","OPCs","PTZvsSAL_1hr","Down"
"Btbd9",0.985903350777878,-0.0846947129265163,0.29,0.271,1,"Btbd9","OPCs","PTZvsSAL_1hr","Down"
"Rabgap1",0.986399045870332,-0.104029307650188,0.341,0.318,1,"Rabgap1","OPCs","PTZvsSAL_1hr","Down"
"Lrba",0.988957668222004,-0.0886761152991968,0.414,0.385,1,"Lrba","OPCs","PTZvsSAL_1hr","Down"
"Pum1",0.992098853621935,-0.0843855536725497,0.302,0.297,1,"Pum1","OPCs","PTZvsSAL_1hr","Down"
"Lhfpl3",0.992193281592747,0.00519296437927785,0.995,0.99,1,"Lhfpl3","OPCs","PTZvsSAL_1hr","Up"
"Agfg1",0.993122626920239,-0.229572137617216,0.35,0.318,1,"Agfg1","OPCs","PTZvsSAL_1hr","Down"
"Myt1l",0.993918963171989,-0.152625993529521,0.251,0.24,1,"Myt1l","OPCs","PTZvsSAL_1hr","Down"
"Dock10",0.99521365734866,-0.0359248405111909,0.601,0.531,1,"Dock10","OPCs","PTZvsSAL_1hr","Down"
"Cacna1e",0.995817736055096,-0.156731690320171,0.455,0.417,1,"Cacna1e","OPCs","PTZvsSAL_1hr","Down"
