"","p_val","avg_log2FC","pct.1","pct.2","p_val_adj","gene","cell_type","comparison","Regulation","Viz"
"Gm47283",2.18183107327576e-107,-2.46918441947029,0.701,0.874,5.4648322892338e-103,"Gm47283","ExN_45","24hrvs1hr_SAL","Down","Sig"
"Gm42418",9.6776617339991e-66,-0.966860787438374,0.998,1,2.42396393451475e-61,"Gm42418","ExN_45","24hrvs1hr_SAL","Down","Sig"
"Tuba1a",3.93607391823955e-58,-2.0529527450958,0.886,0.959,9.85868434301459e-54,"Tuba1a","ExN_45","24hrvs1hr_SAL","Down","Sig"
"AY036118",1.45979694418049e-56,-1.29320494477739,0.905,0.924,3.65635340608888e-52,"AY036118","ExN_45","24hrvs1hr_SAL","Down","Sig"
"Tubb2b",1.15832130423321e-45,-2.40083656799489,0.486,0.79,2.90124737071293e-41,"Tubb2b","ExN_45","24hrvs1hr_SAL","Down","Sig"
"Nfib",3.09509971739259e-41,-1.21361921063306,0.665,0.645,7.75229626215321e-37,"Nfib","ExN_45","24hrvs1hr_SAL","Down","Sig"
"Actb",1.22840636420617e-37,-1.94921445094924,0.515,0.71,3.07678942042719e-33,"Actb","ExN_45","24hrvs1hr_SAL","Down","Sig"
"Ubb",5.41016823515443e-37,-3.12634044340804,0.155,0.463,1.35508483785913e-32,"Ubb","ExN_45","24hrvs1hr_SAL","Down","Sig"
"Tubb5",7.40727094286792e-37,-1.86156813057777,0.642,0.801,1.85529915306013e-32,"Tubb5","ExN_45","24hrvs1hr_SAL","Down","Sig"
"Tubb2a",7.35362198718461e-34,-1.81118729279731,0.62,0.792,1.84186169913013e-29,"Tubb2a","ExN_45","24hrvs1hr_SAL","Down","Sig"
"Ntm",3.14231354447403e-33,1.04438994419651,0.997,0.879,7.8705527348441e-29,"Ntm","ExN_45","24hrvs1hr_SAL","Up","Sig"
"Hsp90aa1",1.33953712009399e-31,-1.82785551741797,0.447,0.626,3.35513862469942e-27,"Hsp90aa1","ExN_45","24hrvs1hr_SAL","Down","Sig"
"Sgcd",2.41493127006372e-29,-1.03926851814826,0.675,0.669,6.0486783521286e-25,"Sgcd","ExN_45","24hrvs1hr_SAL","Down","Sig"
"Mid1",1.09826822673579e-28,-2.38444567351282,0.184,0.446,2.75083242750514e-24,"Mid1","ExN_45","24hrvs1hr_SAL","Down","Sig"
"Actg1",1.48806448081502e-28,-1.88420977235296,0.451,0.647,3.72715510509738e-24,"Actg1","ExN_45","24hrvs1hr_SAL","Down","Sig"
"Dpyd",1.06822478764103e-27,-1.37297848749987,0.433,0.537,2.6755826256045e-23,"Dpyd","ExN_45","24hrvs1hr_SAL","Down","Sig"
"Tenm1",1.12169637655127e-26,-1.13906809122876,0.867,0.838,2.80951291434796e-22,"Tenm1","ExN_45","24hrvs1hr_SAL","Down","Sig"
"Kirrel3",4.19367450637933e-25,-0.454853724773861,0.742,0.725,1.05038965361283e-20,"Kirrel3","ExN_45","24hrvs1hr_SAL","Down","Sig"
"Kcnq5",6.10500986241762e-23,0.426082385814863,1,0.965,1.52912182023974e-18,"Kcnq5","ExN_45","24hrvs1hr_SAL","Up","Sig"
"Oxr1",1.52168417133174e-21,-0.413302169523246,0.767,0.623,3.8113623439346e-17,"Oxr1","ExN_45","24hrvs1hr_SAL","Down","Sig"
"Hsp90ab1",2.25201924140546e-21,-1.37558136895611,0.514,0.623,5.64063259394826e-17,"Hsp90ab1","ExN_45","24hrvs1hr_SAL","Down","Sig"
"mt-Co3",5.76598386011982e-21,-1.32884461467759,0.648,0.799,1.44420597744421e-16,"mt-Co3","ExN_45","24hrvs1hr_SAL","Down","Sig"
"Cwc22",7.45886987766812e-21,0.9933571715305,0.957,0.669,1.86822313825953e-16,"Cwc22","ExN_45","24hrvs1hr_SAL","Up","Sig"
"Pantr1",3.91134831234059e-20,1.68019682187566,0.491,0.165,9.79675411791947e-16,"Pantr1","ExN_45","24hrvs1hr_SAL","Up","Sig"
"Map2",9.20019072286552e-20,-0.436347883204194,0.971,0.937,2.30437177035613e-15,"Map2","ExN_45","24hrvs1hr_SAL","Down","Sig"
"mt-Co1",1.05206796404927e-19,-1.52561677139439,0.489,0.669,2.6351146295542e-15,"mt-Co1","ExN_45","24hrvs1hr_SAL","Down","Sig"
"Cntnap5a",1.26102145193644e-19,-0.701883573687049,0.508,0.535,3.15848043066521e-15,"Cntnap5a","ExN_45","24hrvs1hr_SAL","Down","Sig"
"Ctnna2",6.75481793621735e-19,-0.252508967586712,0.995,0.991,1.69187924848436e-14,"Ctnna2","ExN_45","24hrvs1hr_SAL","Down","Sig"
"Marcks",1.47081370502529e-18,-1.85920611452882,0.296,0.45,3.68394708697685e-14,"Marcks","ExN_45","24hrvs1hr_SAL","Down","Sig"
"Arpp21",7.30211052863068e-18,0.354248752458769,1,0.998,1.82895962410613e-13,"Arpp21","ExN_45","24hrvs1hr_SAL","Up","Sig"
"Usp22",1.76270681114476e-17,-1.30967616749908,0.369,0.446,4.41505174987428e-13,"Usp22","ExN_45","24hrvs1hr_SAL","Down","Sig"
"Tuba1b",3.01404701872615e-17,-1.88811599445015,0.284,0.446,7.54928356780339e-13,"Tuba1b","ExN_45","24hrvs1hr_SAL","Down","Sig"
"Lrfn5",6.98966304350594e-17,-0.361831748398761,0.992,0.974,1.75070090250693e-12,"Lrfn5","ExN_45","24hrvs1hr_SAL","Down","Sig"
"Grip1",1.59440463777025e-16,-0.333624407972763,0.966,0.931,3.99350529622314e-12,"Grip1","ExN_45","24hrvs1hr_SAL","Down","Sig"
"Kcnh5",3.23263682612586e-16,1.04321062590884,0.623,0.398,8.09678545839743e-12,"Kcnh5","ExN_45","24hrvs1hr_SAL","Up","Sig"
"Ctnnb1",3.73780551199272e-16,-1.35149808820368,0.308,0.331,9.36208146588818e-12,"Ctnnb1","ExN_45","24hrvs1hr_SAL","Down","Sig"
"Uchl1",4.39167298193547e-16,-1.41635322188359,0.459,0.571,1.09998233178538e-11,"Uchl1","ExN_45","24hrvs1hr_SAL","Down","Sig"
"Mcc",9.599004267963e-16,1.19492825210836,0.605,0.242,2.40426259899669e-11,"Mcc","ExN_45","24hrvs1hr_SAL","Up","Sig"
"Cfl1",9.6682369324591e-16,-1.76484380850388,0.287,0.446,2.42160330447303e-11,"Cfl1","ExN_45","24hrvs1hr_SAL","Down","Sig"
"Adgrl3",1.36497141225669e-15,-0.468959800666627,0.992,0.991,3.41884389627934e-11,"Adgrl3","ExN_45","24hrvs1hr_SAL","Down","Sig"
"Nkain2",2.03521099432689e-15,-0.2402822749623,0.986,0.991,5.09759297749057e-11,"Nkain2","ExN_45","24hrvs1hr_SAL","Down","Sig"
"Ptbp2",2.4201247847071e-15,-0.686183432825678,0.883,0.82,6.06168654825587e-11,"Ptbp2","ExN_45","24hrvs1hr_SAL","Down","Sig"
"Ppia",2.69254744483765e-15,-1.37228858163567,0.52,0.632,6.74402358508486e-11,"Ppia","ExN_45","24hrvs1hr_SAL","Down","Sig"
"Npas3",6.97826117184857e-15,-0.987909299338039,0.223,0.255,1.74784507571291e-10,"Npas3","ExN_45","24hrvs1hr_SAL","Down","Sig"
"Tubb3",7.51809846778855e-15,-1.41592789763826,0.59,0.684,1.883058123227e-10,"Tubb3","ExN_45","24hrvs1hr_SAL","Down","Sig"
"Gapdh",7.94808467627288e-15,-1.77626452796665,0.238,0.39,1.99075676886607e-10,"Gapdh","ExN_45","24hrvs1hr_SAL","Down","Sig"
"Lars2",9.74511041645763e-15,-0.884706287022175,0.552,0.545,2.44085780601014e-10,"Lars2","ExN_45","24hrvs1hr_SAL","Down","Sig"
"Caln1",1.04257548815592e-14,-0.559142607699711,0.909,0.844,2.61133882518413e-10,"Caln1","ExN_45","24hrvs1hr_SAL","Down","Sig"
"Crmp1",2.08269815886825e-14,-0.89954730467009,0.631,0.645,5.21653407851732e-10,"Crmp1","ExN_45","24hrvs1hr_SAL","Down","Sig"
"Csmd3",2.18408811317722e-14,-0.400726293273566,0.96,0.948,5.47048549707497e-10,"Csmd3","ExN_45","24hrvs1hr_SAL","Down","Sig"
"Chrm3",2.48549133614429e-14,0.778941388350601,0.759,0.383,6.22541014964059e-10,"Chrm3","ExN_45","24hrvs1hr_SAL","Up","Sig"
"Stmn2",2.66652897636568e-14,-0.706063268016012,0.822,0.786,6.67885512710311e-10,"Stmn2","ExN_45","24hrvs1hr_SAL","Down","Sig"
"Grm3",3.05128717056554e-14,1.50279260674916,0.71,0.312,7.64255897611552e-10,"Grm3","ExN_45","24hrvs1hr_SAL","Up","Sig"
"Sox5",7.13580039662262e-14,-0.509485818696889,0.564,0.519,1.78730392534207e-09,"Sox5","ExN_45","24hrvs1hr_SAL","Down","Sig"
"Dpysl3",1.3302701921509e-13,-0.771587910853164,0.753,0.71,3.33192775028035e-09,"Dpysl3","ExN_45","24hrvs1hr_SAL","Down","Sig"
"Ptprg",1.72682465578582e-13,-0.399691172361266,0.736,0.613,4.32517771534675e-09,"Ptprg","ExN_45","24hrvs1hr_SAL","Down","Sig"
"Cntnap5c",1.86263723651492e-13,-1.08216037140718,0.216,0.255,4.66534748629891e-09,"Cntnap5c","ExN_45","24hrvs1hr_SAL","Down","Sig"
"Ubc",2.04868720687268e-13,-2.30246724360401,0.111,0.292,5.131346847054e-09,"Ubc","ExN_45","24hrvs1hr_SAL","Down","Sig"
"Car10",3.2814390335304e-13,0.736687163614025,0.662,0.333,8.2190203472836e-09,"Car10","ExN_45","24hrvs1hr_SAL","Up","Sig"
"Sorcs1",3.56560534215766e-13,-0.80534577741139,0.421,0.368,8.9307717005023e-09,"Sorcs1","ExN_45","24hrvs1hr_SAL","Down","Sig"
"Cdh4",3.85918795457579e-13,-1.15023909962157,0.267,0.277,9.66610806982599e-09,"Cdh4","ExN_45","24hrvs1hr_SAL","Down","Sig"
"Hspa8",4.08918040996057e-13,-1.54797007871053,0.559,0.71,1.02421701728282e-08,"Hspa8","ExN_45","24hrvs1hr_SAL","Down","Sig"
"Exoc6b",5.03131011274513e-13,-0.305682930987717,0.927,0.835,1.26019224393927e-08,"Exoc6b","ExN_45","24hrvs1hr_SAL","Down","Sig"
"Stmn1",5.24050768039292e-13,-1.09699325828589,0.672,0.675,1.31258995870801e-08,"Stmn1","ExN_45","24hrvs1hr_SAL","Down","Sig"
"Pdgfc",6.01857387713142e-13,-0.846272296350536,0.308,0.323,1.50747219900511e-08,"Pdgfc","ExN_45","24hrvs1hr_SAL","Down","Sig"
"Cntnap5b",7.73978362606693e-13,-0.633973573473717,0.515,0.519,1.93858360482098e-08,"Cntnap5b","ExN_45","24hrvs1hr_SAL","Down","Sig"
"Gm26871",8.83488094737248e-13,-0.37410403859311,0.983,0.983,2.21287263088839e-08,"Gm26871","ExN_45","24hrvs1hr_SAL","Down","Sig"
"6530403H02Rik",1.09905956668876e-12,-1.38083437722593,0.328,0.409,2.75281449668533e-08,"6530403H02Rik","ExN_45","24hrvs1hr_SAL","Down","Sig"
"Kcnj3",1.15842575002033e-12,0.598476002867375,0.936,0.714,2.90150897607591e-08,"Kcnj3","ExN_45","24hrvs1hr_SAL","Up","Sig"
"Atp5b",1.40519284898963e-12,-1.09788008208554,0.459,0.452,3.51958652886432e-08,"Atp5b","ExN_45","24hrvs1hr_SAL","Down","Sig"
"Atp6v0c",1.61966331322158e-12,-1.32775084347587,0.558,0.623,4.0567707006261e-08,"Atp6v0c","ExN_45","24hrvs1hr_SAL","Down","Sig"
"Atp6v0b",2.44339285566304e-12,0.316043749098467,0.936,0.667,6.11996608557921e-08,"Atp6v0b","ExN_45","24hrvs1hr_SAL","Up","Sig"
"Enc1",4.27352951538631e-12,-1.94413409074851,0.235,0.377,1.07039093771881e-07,"Enc1","ExN_45","24hrvs1hr_SAL","Down","Sig"
"Auts2",6.23094145016451e-12,-0.342039176632785,0.989,0.998,1.56066390502271e-07,"Auts2","ExN_45","24hrvs1hr_SAL","Down","Sig"
"Large1",7.25809754477709e-12,-0.294144211952283,0.954,0.864,1.81793569204032e-07,"Large1","ExN_45","24hrvs1hr_SAL","Down","Sig"
"Atp2b2",7.46535412854332e-12,0.694940391611965,0.843,0.491,1.86984724857624e-07,"Atp2b2","ExN_45","24hrvs1hr_SAL","Up","Sig"
"Zbtb18",8.71520830563759e-12,-1.35184772006356,0.41,0.461,2.18289822431305e-07,"Zbtb18","ExN_45","24hrvs1hr_SAL","Down","Sig"
"Klf7",9.41222712518251e-12,-0.438686434702929,0.796,0.665,2.35748052804446e-07,"Klf7","ExN_45","24hrvs1hr_SAL","Down","Sig"
"Ppp2r1a",1.44091021143041e-11,-1.81195666342427,0.183,0.268,3.60904780656974e-07,"Ppp2r1a","ExN_45","24hrvs1hr_SAL","Down","Sig"
"Epha6",2.29355250294775e-11,-0.476748392535548,0.837,0.732,5.74466095413323e-07,"Epha6","ExN_45","24hrvs1hr_SAL","Down","Sig"
"Eef1a1",2.45982753432745e-11,-1.04871738821778,0.567,0.567,6.16113002522995e-07,"Eef1a1","ExN_45","24hrvs1hr_SAL","Down","Sig"
"Diaph2",3.3896422706924e-11,-0.290860257396101,0.639,0.526,8.49003699540326e-07,"Diaph2","ExN_45","24hrvs1hr_SAL","Down","Sig"
"Unc5c",3.67910902767909e-11,-0.561872913647167,0.823,0.749,9.21506438162782e-07,"Unc5c","ExN_45","24hrvs1hr_SAL","Down","Sig"
"Kalrn",3.7671733405829e-11,0.454295541663606,0.997,0.926,9.43563906615798e-07,"Kalrn","ExN_45","24hrvs1hr_SAL","Up","Sig"
"Nr3c1",3.86095921502646e-11,1.41243175812641,0.523,0.167,9.67054454587678e-07,"Nr3c1","ExN_45","24hrvs1hr_SAL","Up","Sig"
"Pcsk2",4.22618781655488e-11,0.411502645144966,0.941,0.779,1.0585332624125e-06,"Pcsk2","ExN_45","24hrvs1hr_SAL","Up","Sig"
"Ywhaz",5.02717931285382e-11,-0.621854386178545,0.735,0.636,1.2591576024905e-06,"Ywhaz","ExN_45","24hrvs1hr_SAL","Down","Sig"
"Mkx",5.23472980843875e-11,2.48809223032788,0.361,0.069,1.31114277511965e-06,"Mkx","ExN_45","24hrvs1hr_SAL","Up","Sig"
"Aopep",7.34329112446543e-11,0.829749207520983,0.834,0.468,1.83927412794486e-06,"Aopep","ExN_45","24hrvs1hr_SAL","Up","Sig"
"Phactr1",7.35636849744074e-11,0.586270875801082,0.995,0.913,1.84254961755398e-06,"Phactr1","ExN_45","24hrvs1hr_SAL","Up","Sig"
"Slc8a1",8.63642999733138e-11,-0.288487386643703,0.992,0.955,2.16316662143159e-06,"Slc8a1","ExN_45","24hrvs1hr_SAL","Down","Sig"
"Stmn3",1.09996736328072e-10,-1.05797780672507,0.62,0.6,2.75508825480921e-06,"Stmn3","ExN_45","24hrvs1hr_SAL","Down","Sig"
"Calm3",1.1096591036186e-10,-1.62845250602664,0.191,0.277,2.77936315683351e-06,"Calm3","ExN_45","24hrvs1hr_SAL","Down","Sig"
"Ncam1",1.3712461187464e-10,-0.381647722944773,0.992,0.985,3.4345601536241e-06,"Ncam1","ExN_45","24hrvs1hr_SAL","Down","Sig"
"Ckb",1.44951767195426e-10,-1.36921557798615,0.337,0.424,3.63060691294385e-06,"Ckb","ExN_45","24hrvs1hr_SAL","Down","Sig"
"Ywhag",1.46666334164355e-10,-0.90629148896001,0.483,0.472,3.6735516718146e-06,"Ywhag","ExN_45","24hrvs1hr_SAL","Down","Sig"
"Ryr2",1.66829841988497e-10,0.616998342913768,0.976,0.812,4.17858705228588e-06,"Ryr2","ExN_45","24hrvs1hr_SAL","Up","Sig"
"Brinp1",3.21854737420514e-10,0.733715862858596,0.895,0.69,8.06149560817161e-06,"Brinp1","ExN_45","24hrvs1hr_SAL","Up","Sig"
"Ptprs",3.68680448920397e-10,-0.603672225510202,0.901,0.81,9.23433920410919e-06,"Ptprs","ExN_45","24hrvs1hr_SAL","Down","Sig"
"Akt3",3.92455398456482e-10,-0.384183912753291,0.992,0.989,9.8298303651395e-06,"Akt3","ExN_45","24hrvs1hr_SAL","Down","Sig"
"Gap43",4.18478158889473e-10,-0.380694789044903,0.855,0.779,1.04816224457046e-05,"Gap43","ExN_45","24hrvs1hr_SAL","Down","Sig"
"Slc25a4",4.46341828674124e-10,-0.903638570273365,0.383,0.342,1.11795237828008e-05,"Slc25a4","ExN_45","24hrvs1hr_SAL","Down","Sig"
"Dner",5.279780311329e-10,-0.775852184507269,0.752,0.736,1.32242657457857e-05,"Dner","ExN_45","24hrvs1hr_SAL","Down","Sig"
"Grb10",6.77433548201846e-10,0.664855691987316,0.495,0.186,1.69676780818116e-05,"Grb10","ExN_45","24hrvs1hr_SAL","Up","Sig"
"H3f3b",1.00463632778903e-09,-1.53672278306427,0.287,0.392,2.51631261021318e-05,"H3f3b","ExN_45","24hrvs1hr_SAL","Down","Sig"
"Robo1",1.29945180445344e-09,-0.384335481997859,0.683,0.667,3.25473693461452e-05,"Robo1","ExN_45","24hrvs1hr_SAL","Down","Sig"
"Ptms",1.43400274259649e-09,-1.47094915096823,0.244,0.329,3.59174666938142e-05,"Ptms","ExN_45","24hrvs1hr_SAL","Down","Sig"
"Gabra4",1.43638960341889e-09,0.924952412404907,0.599,0.245,3.59772503968328e-05,"Gabra4","ExN_45","24hrvs1hr_SAL","Up","Sig"
"Edil3",1.46726944032964e-09,-0.642177728373771,0.727,0.697,3.67506976719365e-05,"Edil3","ExN_45","24hrvs1hr_SAL","Down","Sig"
"Macrod2",1.84503910229377e-09,-0.245173169473002,0.997,0.983,4.6212694395152e-05,"Macrod2","ExN_45","24hrvs1hr_SAL","Down","Sig"
"Pcdh11x",1.88445061326299e-09,0.779103049730636,0.637,0.338,4.71998345103982e-05,"Pcdh11x","ExN_45","24hrvs1hr_SAL","Up","Sig"
"Pcdh9",3.36369664094628e-09,0.322186667411353,0.995,0.965,8.42505097657816e-05,"Pcdh9","ExN_45","24hrvs1hr_SAL","Up","Sig"
"Tafa2",3.42794634145749e-09,-0.441881395490051,0.826,0.823,8.58597720144858e-05,"Tafa2","ExN_45","24hrvs1hr_SAL","Down","Sig"
"Cdh2",3.49143036397309e-09,-0.338841714202728,0.884,0.79,8.7449856326434e-05,"Cdh2","ExN_45","24hrvs1hr_SAL","Down","Sig"
"Oga",3.69953410434471e-09,-0.716326333207141,0.576,0.506,9.26622307115219e-05,"Oga","ExN_45","24hrvs1hr_SAL","Down","Sig"
"Cdkl5",4.20690634147068e-09,-0.537332762385929,0.904,0.753,0.000105370383134816,"Cdkl5","ExN_45","24hrvs1hr_SAL","Down","Sig"
"Pdzrn3",4.85527827525919e-09,0.973614455907714,0.684,0.372,0.000121610154960417,"Pdzrn3","ExN_45","24hrvs1hr_SAL","Up","Sig"
"Dleu2",5.06971688814109e-09,1.23203429430612,0.532,0.169,0.00012698119889727,"Dleu2","ExN_45","24hrvs1hr_SAL","Up","Sig"
"Spon1",5.63631684507466e-09,-0.835471428546232,0.302,0.268,0.000141172828018585,"Spon1","ExN_45","24hrvs1hr_SAL","Down","Sig"
"L1cam",5.77139191182934e-09,-0.89132924318846,0.634,0.591,0.00014455605321559,"L1cam","ExN_45","24hrvs1hr_SAL","Down","Sig"
"Astn2",6.10999599241085e-09,0.779465748736049,0.732,0.481,0.000153037069621915,"Astn2","ExN_45","24hrvs1hr_SAL","Up","Sig"
"Sema3c",6.80014797487906e-09,0.923283958977351,0.448,0.134,0.000170323306326796,"Sema3c","ExN_45","24hrvs1hr_SAL","Up","Sig"
"Tmsb10",8.1502179520047e-09,-1.37120750527303,0.284,0.34,0.000204138509043862,"Tmsb10","ExN_45","24hrvs1hr_SAL","Down","Sig"
"Cadm1",8.57263906467205e-09,-0.412941436666559,0.956,0.97,0.000214718890652841,"Cadm1","ExN_45","24hrvs1hr_SAL","Down","Sig"
"Sema6d",9.51869726771198e-09,0.458689058710685,0.886,0.658,0.000238414810464382,"Sema6d","ExN_45","24hrvs1hr_SAL","Up","Sig"
"Kcnmb2",9.59301953396773e-09,-0.865724071048847,0.322,0.355,0.00024027636026729,"Kcnmb2","ExN_45","24hrvs1hr_SAL","Down","Sig"
"Dpp10",1.07530556607548e-08,0.899420043650104,0.988,0.909,0.000269331785134924,"Dpp10","ExN_45","24hrvs1hr_SAL","Up","Sig"
"Luzp2",1.13375984544587e-08,-0.501239675632162,0.387,0.403,0.000283972828488827,"Luzp2","ExN_45","24hrvs1hr_SAL","Down","Sig"
"Hnrnpk",1.24360881112802e-08,-1.02377509601654,0.447,0.426,0.000311486698923234,"Hnrnpk","ExN_45","24hrvs1hr_SAL","Down","Sig"
"March1",1.60848232710941e-08,-0.427028364118651,0.976,0.989,0.000402876568471095,"March1","ExN_45","24hrvs1hr_SAL","Down","Sig"
"Rpl38",1.82067886116368e-08,-1.60442300654553,0.218,0.335,0.000456025434355666,"Rpl38","ExN_45","24hrvs1hr_SAL","Down","Sig"
"Tmtc1",1.8350366049279e-08,0.680147828348638,0.588,0.279,0.000459621618436291,"Tmtc1","ExN_45","24hrvs1hr_SAL","Up","Sig"
"Gnas",1.84954120513059e-08,-0.802601081891266,0.598,0.543,0.000463254585649059,"Gnas","ExN_45","24hrvs1hr_SAL","Down","Sig"
"mt-Nd1",1.87200626495991e-08,-1.22886724632694,0.428,0.554,0.000468881409184509,"mt-Nd1","ExN_45","24hrvs1hr_SAL","Down","Sig"
"mt-Co2",2.07934898637187e-08,-1.04933624426318,0.584,0.662,0.000520814540616563,"mt-Co2","ExN_45","24hrvs1hr_SAL","Down","Sig"
"Ndn",2.39163428701376e-08,-2.1393059758271,0.145,0.275,0.000599032639868336,"Ndn","ExN_45","24hrvs1hr_SAL","Down","Sig"
"Dlg2",2.51073695713421e-08,0.21594141660797,1,1,0.000628864285653405,"Dlg2","ExN_45","24hrvs1hr_SAL","Up","Sig"
"Ccdc85a",2.56862039398475e-08,-0.212955616056238,0.841,0.751,0.00064336235008136,"Ccdc85a","ExN_45","24hrvs1hr_SAL","Down","Sig"
"Fyn",2.8555324632925e-08,-0.43451344167356,0.669,0.576,0.000715225216080872,"Fyn","ExN_45","24hrvs1hr_SAL","Down","Sig"
"Nsg1",3.13809971144132e-08,-1.42197633675451,0.39,0.448,0.000785999834724706,"Nsg1","ExN_45","24hrvs1hr_SAL","Down","Sig"
"Hnrnpa2b1",3.37860681493721e-08,-0.585958220576691,0.794,0.721,0.000846239648937323,"Hnrnpa2b1","ExN_45","24hrvs1hr_SAL","Down","Sig"
"Cttnbp2",3.51955724480397e-08,0.627159780269405,0.912,0.619,0.000881543503106051,"Cttnbp2","ExN_45","24hrvs1hr_SAL","Up","Sig"
"Pkm",3.74894473311143e-08,-1.18131730287865,0.223,0.258,0.00093899818730242,"Pkm","ExN_45","24hrvs1hr_SAL","Down","Sig"
"Nfix",3.93985750487081e-08,0.20842918529119,0.662,0.331,0.000986816109244992,"Nfix","ExN_45","24hrvs1hr_SAL","Up","Sig"
"Kcnh1",4.19829972076176e-08,1.11525396054195,0.643,0.284,0.0010515481310592,"Kcnh1","ExN_45","24hrvs1hr_SAL","Up","Sig"
"Itgb8",4.49660525564623e-08,0.626704313959559,0.274,0.095,0.00112626471838171,"Itgb8","ExN_45","24hrvs1hr_SAL","Up","Sig"
"Gtdc1",4.65268012459327e-08,-0.274337395124868,0.851,0.753,0.00116535679080688,"Gtdc1","ExN_45","24hrvs1hr_SAL","Down","Sig"
"Kmt2c",5.04404892499291e-08,-0.220517988196748,0.849,0.697,0.00126338293424297,"Kmt2c","ExN_45","24hrvs1hr_SAL","Down","Sig"
"mt-Nd4",5.5103288326298e-08,-1.30045340061112,0.348,0.442,0.00138017206270879,"mt-Nd4","ExN_45","24hrvs1hr_SAL","Down","Sig"
"Dpp6",5.91552709092579e-08,-0.21781385295862,0.928,0.835,0.00148166207046418,"Dpp6","ExN_45","24hrvs1hr_SAL","Down","Sig"
"Mdh1",6.1151646076321e-08,-1.09549668925413,0.284,0.303,0.00153166527927361,"Mdh1","ExN_45","24hrvs1hr_SAL","Down","Sig"
"Eif4g2",6.18633419155402e-08,-0.796708738722615,0.468,0.398,0.00154949112495854,"Eif4g2","ExN_45","24hrvs1hr_SAL","Down","Sig"
"Opcml",6.24130300879889e-08,0.488282615510935,0.994,0.918,0.00156325916461386,"Opcml","ExN_45","24hrvs1hr_SAL","Up","Sig"
"Srgap1",6.74863992089359e-08,-0.374475710132849,0.616,0.515,0.00169033184098622,"Srgap1","ExN_45","24hrvs1hr_SAL","Down","Sig"
"Camk2d",7.65700829984321e-08,-0.602923479183118,0.526,0.504,0.00191785086886173,"Camk2d","ExN_45","24hrvs1hr_SAL","Down","Sig"
"Cmss1",7.7859372860923e-08,-0.377553241428808,0.623,0.47,0.00195014371204754,"Cmss1","ExN_45","24hrvs1hr_SAL","Down","Sig"
"Rab3c",9.876716556622e-08,-0.388262091641274,0.476,0.351,0.00247382119593711,"Rab3c","ExN_45","24hrvs1hr_SAL","Down","Sig"
"Vcan",1.00674355499237e-07,-1.17045024540237,0.226,0.26,0.00252159058218938,"Vcan","ExN_45","24hrvs1hr_SAL","Down","Sig"
"Negr1",1.0181668671086e-07,-0.438647451508634,0.962,0.879,0.00255020255204691,"Negr1","ExN_45","24hrvs1hr_SAL","Down","Sig"
"Vgll4",1.12582860351999e-07,0.752657510919969,0.587,0.251,0.00281986290323651,"Vgll4","ExN_45","24hrvs1hr_SAL","Up","Sig"
"Limch1",1.24635846507005e-07,-0.73489937510869,0.63,0.695,0.00312175404746094,"Limch1","ExN_45","24hrvs1hr_SAL","Down","Sig"
"Fam173a",1.41565132219661e-07,0.838035757452408,0.442,0.169,0.00354578186670584,"Fam173a","ExN_45","24hrvs1hr_SAL","Up","Sig"
"Lgi1",1.45317724521395e-07,0.626595880023004,0.628,0.286,0.00363977304608739,"Lgi1","ExN_45","24hrvs1hr_SAL","Up","Sig"
"Cacna2d3",1.53100297190019e-07,-0.273313211062853,0.718,0.639,0.00383470314371841,"Cacna2d3","ExN_45","24hrvs1hr_SAL","Down","Sig"
"Gm28175",1.54694280106238e-07,0.67665883589184,0.328,0.132,0.00387462763382095,"Gm28175","ExN_45","24hrvs1hr_SAL","Up","Sig"
"Dhx9",1.57458350480132e-07,-0.776131625524396,0.401,0.348,0.00394385930447586,"Dhx9","ExN_45","24hrvs1hr_SAL","Down","Sig"
"Reps2",1.61700366012273e-07,-0.505306566057331,0.729,0.639,0.0040501090675094,"Reps2","ExN_45","24hrvs1hr_SAL","Down","Sig"
"Zfp949",1.64208770336916e-07,1.66751816917436,0.349,0.08,0.00411293707062872,"Zfp949","ExN_45","24hrvs1hr_SAL","Up","Sig"
"Epha4",1.67463389819276e-07,0.845806900751086,0.806,0.515,0.0041944555248034,"Epha4","ExN_45","24hrvs1hr_SAL","Up","Sig"
"Gabrb1",1.80225863926634e-07,0.389373912095924,0.991,0.885,0.0045141172137704,"Gabrb1","ExN_45","24hrvs1hr_SAL","Up","Sig"
"Rxfp1",1.89751911155619e-07,0.255788288912134,0.43,0.32,0.00475271611871479,"Rxfp1","ExN_45","24hrvs1hr_SAL","Up","Sig"
"Zmat4",1.90088200018314e-07,0.888812115766188,0.378,0.197,0.0047611391458587,"Zmat4","ExN_45","24hrvs1hr_SAL","Up","Sig"
"Cdh11",1.96190739021808e-07,0.858509377735059,0.858,0.55,0.00491398944027923,"Cdh11","ExN_45","24hrvs1hr_SAL","Up","Sig"
"Crhr1",1.96761188593847e-07,0.986459762755007,0.332,0.117,0.00492827749071009,"Crhr1","ExN_45","24hrvs1hr_SAL","Up","Sig"
"R3hdm1",2.02494702411927e-07,0.433307405740979,0.973,0.866,0.00507188481131153,"R3hdm1","ExN_45","24hrvs1hr_SAL","Up","Sig"
"Pitpnc1",2.11903058065363e-07,0.837617338135128,0.573,0.255,0.00530753589536314,"Pitpnc1","ExN_45","24hrvs1hr_SAL","Up","Sig"
"Hnrnpa1",2.11907245973133e-07,-0.973633335564981,0.384,0.325,0.00530764078988906,"Hnrnpa1","ExN_45","24hrvs1hr_SAL","Down","Sig"
"Pbx1",2.14362405467394e-07,-0.269370208253209,0.983,0.935,0.00536913516974183,"Pbx1","ExN_45","24hrvs1hr_SAL","Down","Sig"
"Ywhae",2.14439557171448e-07,-0.647596118779677,0.549,0.474,0.00537106758847325,"Ywhae","ExN_45","24hrvs1hr_SAL","Down","Sig"
"Ywhaq",2.19737436703209e-07,-0.750351495387644,0.492,0.424,0.00550376357710526,"Ywhaq","ExN_45","24hrvs1hr_SAL","Down","Sig"
"Gm38393",2.44996014122707e-07,-0.308943109806681,0.695,0.548,0.00613641516573145,"Gm38393","ExN_45","24hrvs1hr_SAL","Down","Sig"
"Samd5",2.68929126505008e-07,0.652287447240252,0.709,0.39,0.00673586783157094,"Samd5","ExN_45","24hrvs1hr_SAL","Up","Sig"
"Snx13",2.81303937660591e-07,-0.336859481305379,0.569,0.413,0.00704581972658483,"Snx13","ExN_45","24hrvs1hr_SAL","Down","Sig"
"Nbea",2.81345163707545e-07,-0.386009346817009,0.998,1,0.00704685231538287,"Nbea","ExN_45","24hrvs1hr_SAL","Down","Sig"
"mt-Nd2",2.87269575833832e-07,-1.18123282215414,0.434,0.487,0.00719524106590999,"mt-Nd2","ExN_45","24hrvs1hr_SAL","Down","Sig"
"Prkar1a",2.99356398924727e-07,-0.796377097716786,0.392,0.31,0.00749797972386763,"Prkar1a","ExN_45","24hrvs1hr_SAL","Down","Sig"
"Etl4",3.45138255341625e-07,1.38868257130458,0.537,0.236,0.00864467788154167,"Etl4","ExN_45","24hrvs1hr_SAL","Up","Sig"
"Shisa9",3.60970938961819e-07,-0.312614271197782,0.716,0.675,0.00904123910817667,"Shisa9","ExN_45","24hrvs1hr_SAL","Down","Sig"
"Slc24a2",3.75508503576949e-07,1.56525414379741,0.515,0.18,0.00940536148909184,"Slc24a2","ExN_45","24hrvs1hr_SAL","Up","Sig"
"Pja2",4.01147700789765e-07,-0.417168209387392,0.727,0.565,0.0100475464616813,"Pja2","ExN_45","24hrvs1hr_SAL","Down","Sig"
"Thsd7a",4.01293882497754e-07,-0.975558546005354,0.442,0.381,0.0100512078749212,"Thsd7a","ExN_45","24hrvs1hr_SAL","Down","Sig"
"Gpi1",4.14230945708748e-07,-0.453037403379091,0.492,0.398,0.010375242497167,"Gpi1","ExN_45","24hrvs1hr_SAL","Down","Sig"
"Lcorl",4.95128227622521e-07,-0.361197504056363,0.691,0.532,0.0124014767172613,"Lcorl","ExN_45","24hrvs1hr_SAL","Down","Sig"
"Cnot3",5.06558512987383e-07,0.477006289100169,0.418,0.171,0.012687771074795,"Cnot3","ExN_45","24hrvs1hr_SAL","Up","Sig"
"Upp2",5.10017808564208e-07,1.58802333585941,0.535,0.16,0.0127744160511077,"Upp2","ExN_45","24hrvs1hr_SAL","Up","Sig"
"Cox7c",5.6178421789901e-07,-1.1654431883072,0.303,0.318,0.0140710093057165,"Cox7c","ExN_45","24hrvs1hr_SAL","Down","Sig"
"Grik2",5.78552822109955e-07,-0.444766498562901,0.965,0.942,0.014491012535388,"Grik2","ExN_45","24hrvs1hr_SAL","Down","Sig"
"Ahi1",5.82176340447462e-07,0.26002450164204,0.983,0.872,0.0145817707991876,"Ahi1","ExN_45","24hrvs1hr_SAL","Up","Sig"
"Lrrc7",6.12999558712175e-07,0.310765004371368,0.998,0.991,0.0153537999470639,"Lrrc7","ExN_45","24hrvs1hr_SAL","Up","Sig"
"Cfap54",6.66267284211316e-07,0.797584978707242,0.765,0.4,0.0166879966676408,"Cfap54","ExN_45","24hrvs1hr_SAL","Up","Sig"
"Mtcl1",6.69881067715538e-07,1.13760064089167,0.445,0.145,0.0167785111030711,"Mtcl1","ExN_45","24hrvs1hr_SAL","Up","Sig"
"Lmo4",6.74127475866525e-07,0.324159758164163,0.53,0.271,0.0168848708880288,"Lmo4","ExN_45","24hrvs1hr_SAL","Up","Sig"
"Stmn4",7.38138110733581e-07,-1.30985035478315,0.357,0.42,0.018488145259544,"Stmn4","ExN_45","24hrvs1hr_SAL","Down","Sig"
"Pcdh19",8.20285203712421e-07,-0.291047120330228,0.444,0.411,0.020545683497385,"Pcdh19","ExN_45","24hrvs1hr_SAL","Down","Sig"
"Cdh18",8.55866241777279e-07,-0.392611337885895,0.523,0.463,0.0214368817577955,"Cdh18","ExN_45","24hrvs1hr_SAL","Down","Sig"
"Mblac2",9.84663287098485e-07,-0.307981034469169,0.494,0.34,0.0246628613519557,"Mblac2","ExN_45","24hrvs1hr_SAL","Down","Sig"
"Scd2",1.0033124794004e-06,-1.16195251074994,0.38,0.409,0.0251299676715418,"Scd2","ExN_45","24hrvs1hr_SAL","Down","Sig"
"Chd3",1.05781609684864e-06,-0.704722276158056,0.622,0.535,0.0264951197777679,"Chd3","ExN_45","24hrvs1hr_SAL","Down","Sig"
"Ptma",1.08242137930768e-06,-1.6057600371962,0.191,0.262,0.0271114082875195,"Ptma","ExN_45","24hrvs1hr_SAL","Down","Sig"
"Chl1",1.09957538205444e-06,-0.401460430783993,0.942,0.883,0.0275410645943177,"Chl1","ExN_45","24hrvs1hr_SAL","Down","Sig"
"Clstn2",1.17854424578326e-06,0.335226135070664,0.948,0.799,0.0295189977241333,"Clstn2","ExN_45","24hrvs1hr_SAL","Up","Sig"
"Tubb4b",1.2262461849686e-06,-1.39628982674305,0.191,0.268,0.0307137881949086,"Tubb4b","ExN_45","24hrvs1hr_SAL","Down","Sig"
"Pacsin1",1.23643260737771e-06,0.618079534235063,0.617,0.264,0.0309689275169894,"Pacsin1","ExN_45","24hrvs1hr_SAL","Up","Sig"
"Prrt1",1.2454288637375e-06,0.59412805749347,0.497,0.227,0.0311942567500331,"Prrt1","ExN_45","24hrvs1hr_SAL","Up","Sig"
"Pfkp",1.27389184962895e-06,-0.24966167939384,0.934,0.864,0.0319071691576563,"Pfkp","ExN_45","24hrvs1hr_SAL","Down","Sig"
"Caprin1",1.5133150386719e-06,-0.633263092092427,0.517,0.455,0.0379040017736151,"Caprin1","ExN_45","24hrvs1hr_SAL","Down","Sig"
"Ndufa4",1.56624084855317e-06,-1.52184259368883,0.264,0.333,0.0392296345337113,"Ndufa4","ExN_45","24hrvs1hr_SAL","Down","Sig"
"Npas2",1.82682266811856e-06,0.82983801897851,0.535,0.227,0.0457564273683656,"Npas2","ExN_45","24hrvs1hr_SAL","Up","Sig"
"Gm3294",1.89322879462242e-06,1.19279593954561,0.363,0.117,0.0474197016189078,"Gm3294","ExN_45","24hrvs1hr_SAL","Up","Sig"
"Ptprt",1.97683036544073e-06,-0.301514200725751,0.759,0.786,0.049513670163194,"Ptprt","ExN_45","24hrvs1hr_SAL","Down","Sig"
"Slit3",1.97865836374229e-06,-0.225406248032034,0.72,0.652,0.0495594560366533,"Slit3","ExN_45","24hrvs1hr_SAL","Down","Sig"
"Ncoa1",1.98573510606363e-06,-0.236671702925074,0.77,0.595,0.0497367072015758,"Ncoa1","ExN_45","24hrvs1hr_SAL","Down","Sig"
